,0,1,2,3,4,5,6,7,8,9,10,11,12,13,14,15,16,17,18,19,20,21,22,23,24,25,26,27,28,29,30,31,32,33,34,35,36,37,38,39,40,41,42,43,44,45,46,47,48,49,label
0,1,1,0,1,0,0,0,0,0,1,2,1,1,1,0,0,0,1,0,0,0,0,0,0,0,0,0,0,2,1,1,0,1,0,1,0,0,0,1,0,0,0,0,0,0,0,0,0,0,0,1
1,0,0,0,0,1,1,0,0,1,3,1,2,2,0,0,0,0,0,0,0,3,0,1,0,0,1,0,2,3,1,0,1,1,2,0,0,1,0,0,0,0,0,0,1,1,0,0,0,2,0,0
2,0,1,0,0,0,0,0,0,0,0,0,0,1,0,0,0,0,0,0,0,0,0,0,0,0,0,0,0,0,1,0,0,3,0,0,0,0,1,0,0,0,0,1,0,0,0,0,0,0,0,1
3,0,1,0,1,0,0,0,0,0,0,1,0,0,0,0,0,3,0,0,0,0,0,0,0,1,0,0,0,4,0,0,0,0,0,0,1,0,0,0,0,0,0,1,0,0,0,0,0,0,0,1
4,0,1,3,0,1,1,0,0,1,0,3,0,0,0,1,0,2,0,2,0,2,0,1,0,1,0,1,0,4,0,0,0,3,0,2,1,0,1,1,0,0,0,1,1,1,0,0,2,0,1,0
5,0,0,0,0,0,0,0,0,1,0,0,0,1,1,0,0,0,0,1,0,0,0,0,0,0,1,0,0,0,1,0,0,1,0,0,0,0,1,0,0,0,1,0,0,0,0,0,0,0,0,0
6,0,0,0,0,0,0,0,2,1,0,0,0,0,0,0,0,0,0,0,1,0,0,0,0,0,1,0,0,0,0,0,0,1,0,0,0,0,0,0,0,0,0,0,0,0,2,0,0,0,0,1
7,1,0,0,0,0,0,0,0,0,0,1,0,0,0,0,0,0,0,0,0,1,0,0,0,0,0,0,0,0,0,1,1,0,0,0,0,0,0,0,5,0,0,0,0,0,1,0,0,0,0,0
8,0,0,0,0,0,0,0,0,0,0,0,0,4,3,1,1,0,0,1,0,1,1,0,0,0,0,0,0,1,1,0,1,1,0,0,0,0,0,0,0,1,0,0,0,1,0,0,0,0,2,1
9,0,0,1,0,0,0,0,0,0,0,0,0,0,0,1,4,0,0,0,0,1,0,0,0,0,0,0,0,4,1,0,0,0,0,0,1,0,0,1,0,0,0,0,1,0,0,0,0,0,1,0
10,0,0,0,1,0,0,0,0,2,2,0,0,0,1,0,3,0,0,0,2,2,0,0,1,0,2,0,1,4,0,0,0,1,1,0,0,0,2,1,1,1,0,2,1,0,1,0,2,0,0,1
11,1,0,0,0,1,0,0,1,0,1,0,2,5,0,0,0,1,1,0,0,1,2,0,0,0,1,5,0,3,0,4,0,1,0,0,1,1,0,0,1,1,0,0,1,1,0,1,0,1,1,1
12,3,1,4,0,0,0,0,0,0,0,2,1,1,0,0,1,2,0,0,0,2,3,0,2,1,1,0,0,1,1,1,3,4,1,2,2,0,0,1,0,0,0,0,1,2,0,1,1,0,2,0
13,0,0,0,0,1,0,0,0,1,0,0,0,1,0,0,1,0,0,1,0,4,2,0,0,0,0,0,0,5,1,1,0,0,0,0,0,0,0,0,0,0,0,0,1,1,0,0,0,1,4,0
14,0,0,3,0,0,0,0,0,0,0,3,1,0,0,0,1,0,0,1,0,0,0,0,0,0,0,0,1,6,0,0,0,1,0,1,0,0,0,0,0,0,0,0,0,0,0,0,0,1,0,0
15,0,0,0,0,0,0,0,0,0,0,0,0,0,0,0,1,4,1,2,0,0,0,0,2,0,0,0,0,7,3,1,0,0,0,0,0,0,0,1,0,0,0,0,1,0,0,0,0,0,0,1
16,0,0,0,0,0,0,0,1,0,1,0,1,2,0,0,0,0,0,0,0,0,0,0,0,0,0,1,0,2,0,0,0,2,1,0,0,0,0,0,0,0,0,0,1,1,0,0,0,1,1,1
17,0,2,0,0,1,0,0,1,0,1,0,0,0,0,0,0,0,0,0,0,0,0,1,0,1,1,0,0,4,1,0,0,0,0,0,0,0,1,0,0,0,0,0,0,0,1,0,0,0,0,1
18,1,0,1,1,0,1,1,0,0,0,3,1,3,2,0,3,0,1,0,1,5,0,0,0,1,0,2,1,1,0,2,2,4,1,0,1,0,0,0,1,2,0,0,0,0,0,3,2,0,1,1
19,0,0,0,0,0,0,0,0,0,0,0,0,2,1,0,0,2,0,0,0,0,0,0,1,0,0,1,0,2,0,0,0,0,0,0,0,0,0,0,0,0,0,0,0,0,0,0,0,0,1,1
20,1,0,0,1,0,0,0,0,1,0,0,0,3,0,0,0,1,0,0,1,1,0,0,0,0,0,0,0,1,0,0,0,1,0,0,3,1,1,0,0,0,1,0,0,0,0,0,0,0,0,1
21,0,0,0,0,2,1,1,0,0,0,2,1,4,1,0,0,0,0,0,0,1,1,0,0,0,0,0,0,0,0,0,0,1,0,1,0,1,0,1,0,0,0,3,0,0,0,0,1,1,2,1
22,0,1,0,0,0,1,0,3,0,0,3,0,4,4,0,1,0,0,1,0,0,0,0,0,0,1,0,0,1,0,3,0,2,0,0,0,0,1,0,0,2,1,0,1,0,0,0,0,2,1,0
23,0,0,0,0,0,0,0,0,0,0,0,0,0,0,0,1,0,5,0,0,0,0,0,3,0,0,0,0,4,1,1,1,1,0,0,0,0,0,2,0,0,1,0,0,0,0,0,1,0,1,1
24,0,1,0,2,0,0,0,0,0,0,1,0,2,1,1,0,0,1,0,0,2,0,0,0,1,0,1,0,0,0,0,0,1,1,0,0,0,0,0,0,0,2,0,1,0,0,0,0,0,1,1
25,1,3,0,1,0,1,1,0,0,0,1,0,9,3,2,0,0,2,1,1,0,0,0,1,0,0,1,0,0,0,0,0,1,1,0,0,0,2,2,0,0,0,1,1,1,0,0,0,0,0,1
26,0,0,0,0,0,0,0,2,0,0,3,0,0,0,0,1,0,0,0,1,2,0,0,0,0,1,1,0,0,0,0,0,0,0,0,1,1,0,0,0,0,0,0,0,0,0,1,0,0,0,0
27,0,4,0,0,0,1,0,0,0,0,2,0,2,0,0,0,0,0,4,4,1,2,0,0,0,1,0,3,8,2,1,1,3,0,0,3,1,3,1,1,0,0,3,2,1,0,0,1,0,1,1
28,1,1,0,0,0,1,0,0,1,0,2,0,9,3,2,0,1,2,0,0,1,2,0,0,1,1,0,1,0,0,3,1,3,0,4,1,0,0,1,0,0,1,0,1,0,0,0,1,1,0,1
29,0,0,0,0,0,0,0,1,0,0,0,0,0,0,0,0,0,2,0,0,0,0,0,0,0,0,0,0,2,0,0,0,2,0,0,0,0,1,1,0,0,1,1,0,0,1,0,0,0,0,0
30,1,1,0,1,1,0,2,1,0,0,1,0,0,0,0,0,0,0,0,1,4,0,0,1,0,1,0,0,0,0,1,0,1,1,0,0,0,0,0,1,1,0,2,0,0,0,0,0,0,1,0
31,0,0,0,0,0,0,0,0,0,1,0,0,0,0,0,0,0,2,1,1,0,1,0,0,0,0,0,0,0,0,0,1,1,0,0,0,0,0,2,0,1,0,0,0,1,1,0,0,0,0,0
32,0,1,0,0,0,0,0,0,0,0,0,0,0,0,1,0,0,0,1,0,0,1,1,0,1,2,1,0,5,1,0,0,0,0,0,1,0,0,0,0,1,2,0,1,2,2,0,0,0,1,1
33,1,0,0,1,0,0,0,0,1,0,0,0,6,0,0,0,2,3,1,1,1,0,0,0,1,0,0,0,2,0,0,0,1,1,1,1,0,5,1,4,1,0,1,7,0,1,0,1,0,0,1
34,2,0,0,0,0,0,1,0,1,1,0,0,3,2,0,0,0,1,0,0,0,0,0,0,0,0,0,0,4,0,0,0,1,0,0,0,0,3,0,0,0,1,0,1,0,0,0,1,0,1,0
35,1,0,0,0,0,0,0,0,0,0,1,0,1,0,0,0,0,0,0,0,1,0,0,0,0,0,0,0,1,1,0,0,2,0,0,0,0,0,0,0,0,1,0,1,0,0,0,1,0,0,0
36,1,0,1,0,0,0,0,0,0,1,3,0,6,1,0,0,0,0,0,0,3,0,0,0,2,1,0,0,1,1,2,0,5,1,0,0,0,0,1,0,0,0,0,2,0,1,0,2,2,1,0
37,0,0,0,0,0,0,0,0,0,0,0,0,1,1,0,0,0,0,1,0,2,0,0,0,0,0,0,0,2,0,0,0,1,0,2,0,0,0,0,0,0,0,0,0,0,0,0,0,0,1,0
38,0,0,2,0,0,0,0,0,0,1,0,0,1,0,1,0,0,0,0,0,2,0,0,0,2,0,0,0,3,0,0,0,1,0,0,0,0,0,0,0,0,0,1,1,0,0,0,0,0,1,1
39,0,2,0,0,0,0,0,0,0,0,1,0,4,0,0,0,0,0,0,0,1,0,2,0,1,0,1,0,0,0,0,0,0,0,0,1,0,0,1,0,0,0,0,1,0,0,0,0,0,0,1
40,0,0,0,2,0,0,0,0,0,0,0,0,3,0,0,2,0,1,0,0,1,0,0,0,0,0,0,0,0,0,0,0,1,0,0,1,0,0,0,0,0,0,0,0,0,0,0,0,1,0,1
41,1,0,0,0,0,0,0,0,0,1,1,1,4,0,0,0,2,0,0,0,0,0,0,0,0,0,0,0,1,0,1,1,0,0,0,1,0,0,0,0,0,0,0,0,1,1,0,0,1,2,0
42,0,0,0,0,0,0,0,0,0,0,0,0,1,0,0,0,0,0,0,0,1,0,0,0,0,0,0,0,2,0,0,0,1,0,0,0,0,0,0,0,0,0,0,0,0,1,0,0,1,0,0
43,0,0,0,0,0,0,0,0,0,0,0,0,0,0,0,0,0,1,0,0,0,0,0,1,0,0,0,0,1,0,0,0,1,0,0,0,0,0,0,0,0,0,0,0,0,0,0,1,0,0,1
44,0,1,1,0,2,4,1,0,0,0,3,0,3,0,3,6,1,1,1,0,6,3,2,0,0,1,0,0,18,4,4,1,9,6,0,3,2,3,1,1,0,0,3,3,2,0,2,4,2,3,0
45,0,0,0,0,0,0,0,0,0,0,0,0,4,0,0,0,1,0,0,0,0,0,0,0,0,0,0,1,0,0,2,1,2,2,0,2,0,0,0,0,0,0,1,0,1,0,0,0,0,1,1
46,0,0,0,0,0,0,1,3,3,2,0,0,0,0,1,1,4,0,0,0,1,0,3,0,0,1,0,1,0,0,1,0,4,3,1,0,0,0,3,0,0,0,0,1,0,0,0,1,1,1,1
47,0,0,0,0,0,0,0,1,0,0,0,0,1,2,0,0,0,0,0,0,1,0,0,1,0,0,0,0,0,0,0,0,0,1,0,0,0,0,0,0,0,0,0,1,0,0,0,0,0,0,1
48,0,1,0,0,1,0,0,0,0,0,1,0,0,2,0,0,0,1,0,2,0,0,0,0,0,2,0,0,3,0,0,0,1,2,0,0,0,0,0,0,0,1,1,0,0,0,0,1,0,0,1
49,0,3,0,2,0,0,0,0,1,0,0,0,0,0,1,0,1,1,0,0,2,0,0,0,0,0,0,6,0,0,2,0,0,0,0,0,1,0,0,0,3,3,0,0,0,0,0,2,1,0,1
50,0,0,0,0,0,0,0,0,0,0,0,0,0,0,0,0,1,0,0,0,1,0,0,0,0,0,0,0,0,0,0,0,0,0,0,0,0,0,0,0,0,1,2,0,2,0,0,0,0,0,1
51,0,0,0,0,0,0,0,1,0,0,2,0,0,0,1,1,0,2,0,0,5,2,0,0,0,0,0,0,0,0,2,0,1,0,1,0,0,0,2,0,1,0,0,0,0,0,0,1,0,3,1
52,0,1,0,0,1,0,0,0,0,0,0,0,0,0,0,0,2,0,0,0,2,0,1,1,0,1,0,0,0,0,0,1,1,0,0,0,3,0,0,0,1,0,0,0,0,1,1,0,2,0,1
53,0,1,0,0,0,0,0,0,1,1,0,0,1,1,0,0,0,0,0,0,0,0,0,0,0,0,1,1,0,0,1,0,0,0,0,0,0,0,0,1,0,2,0,0,0,0,0,0,0,0,1
54,0,0,0,0,0,0,0,0,0,0,0,0,1,1,1,1,4,0,0,0,1,0,0,3,0,1,0,0,3,0,0,0,1,0,0,0,0,0,1,1,1,0,0,0,0,0,0,0,0,1,1
55,0,0,0,0,0,0,0,0,1,0,0,0,0,0,0,0,0,0,0,0,0,0,0,0,0,1,0,0,1,0,0,0,1,1,0,0,0,0,2,0,0,0,0,0,0,0,0,0,0,1,0
56,0,0,0,0,0,0,1,1,0,0,3,0,3,0,0,0,0,0,0,0,1,1,0,0,0,0,0,1,0,0,0,0,3,0,1,0,0,0,0,0,0,1,0,0,0,1,1,0,0,0,1
57,0,0,0,0,0,0,0,0,2,0,0,0,0,0,0,0,0,1,0,0,0,0,0,0,0,0,0,1,0,0,0,0,0,0,0,0,0,0,0,0,0,0,0,0,0,1,0,0,0,0,0
58,1,1,1,0,1,0,0,0,1,1,3,0,4,0,1,4,0,0,2,0,3,0,1,1,0,2,0,0,0,0,1,2,1,0,0,0,1,1,1,0,1,0,1,1,0,0,0,1,0,3,0
59,1,0,0,0,0,1,1,0,1,0,0,1,4,1,0,0,0,0,0,0,0,1,0,0,0,0,0,0,2,0,0,2,0,0,0,0,0,0,1,0,0,0,0,0,0,0,0,0,2,0,1
60,0,0,3,0,0,1,0,0,2,0,1,2,0,0,0,1,0,0,0,0,0,0,0,0,1,0,0,0,4,0,0,0,1,0,0,0,0,0,0,0,1,0,0,0,0,0,0,0,0,1,0
61,0,0,0,0,0,0,0,0,0,0,0,0,2,0,0,0,1,0,0,0,0,0,0,0,0,0,0,0,0,0,0,0,0,0,0,0,0,0,1,0,0,0,1,0,0,0,0,1,0,0,1
62,0,2,1,0,1,0,0,0,1,2,0,1,8,0,0,0,1,0,0,0,2,0,2,0,0,2,0,0,2,0,1,0,1,1,0,0,0,0,0,0,0,0,0,2,0,0,0,0,1,2,0
63,0,0,0,0,0,0,0,1,0,0,0,0,1,1,0,0,0,0,0,0,2,0,0,0,0,0,0,0,2,1,0,0,2,0,0,0,1,0,0,0,0,0,0,0,0,0,0,1,0,0,0
64,0,1,1,0,0,2,1,1,0,2,0,0,8,0,2,0,1,0,1,0,0,0,1,1,0,1,0,0,3,0,1,0,0,1,0,1,1,1,1,0,0,2,0,0,0,2,0,0,1,0,1
65,1,0,0,0,0,0,0,0,0,0,0,0,0,0,0,1,1,0,0,0,1,0,0,1,0,0,0,1,2,1,0,0,1,0,3,0,1,0,0,0,0,0,1,0,0,0,1,0,0,0,0
66,0,0,0,0,0,0,0,0,1,0,0,1,0,0,0,0,0,0,0,0,0,1,0,1,0,0,0,0,0,0,0,0,1,0,0,0,0,1,0,0,1,1,0,0,0,1,0,0,0,0,0
67,0,0,0,0,1,0,0,0,1,0,0,0,1,1,0,6,0,0,0,0,0,0,0,0,0,0,0,1,0,0,1,0,0,0,0,0,0,0,0,0,0,1,0,2,0,1,0,0,1,0,1
68,0,1,0,0,0,2,1,0,0,0,0,0,0,0,0,0,0,1,0,0,2,0,1,0,0,0,0,0,0,0,1,0,1,1,0,0,0,0,1,0,0,0,0,0,0,0,0,1,1,2,1
69,0,1,0,0,0,0,0,0,1,1,0,0,0,0,0,0,0,0,0,0,0,0,0,0,0,0,0,0,0,0,0,0,0,0,0,0,0,0,0,0,0,1,0,0,0,0,0,1,0,0,0
70,0,1,0,0,0,0,0,0,0,0,0,0,0,0,0,0,0,0,0,0,0,0,0,0,1,0,1,0,2,0,0,0,1,0,0,0,0,0,0,0,0,0,0,0,0,0,0,0,0,0,0
71,0,0,0,0,0,0,0,0,0,0,0,0,0,0,0,0,0,0,1,0,2,0,0,0,0,0,0,0,3,0,1,0,0,0,0,0,0,0,0,0,1,0,1,0,0,0,0,0,0,0,1
72,1,0,0,0,0,0,0,0,2,0,0,0,3,0,0,0,1,0,0,0,1,1,0,0,1,1,3,0,2,1,0,0,0,0,0,1,1,0,0,0,0,0,0,1,0,0,0,2,1,0,1
73,0,0,0,0,0,0,0,0,0,0,1,0,0,0,3,0,1,0,0,0,1,0,0,0,0,0,0,0,0,0,1,0,2,0,0,2,1,0,2,0,0,0,0,0,0,0,0,1,1,5,0
74,0,0,0,0,0,0,0,0,0,0,0,0,2,0,0,0,0,0,0,0,0,0,0,0,0,0,0,0,0,0,0,1,0,2,0,0,0,0,0,0,0,0,0,1,0,0,0,0,0,1,1
75,1,1,0,0,0,0,0,0,0,1,0,0,4,1,1,0,1,0,1,0,1,0,2,0,0,0,0,1,1,1,3,0,2,0,0,0,0,0,0,0,0,0,1,2,0,0,0,1,0,0,1
76,0,1,0,0,1,0,0,0,0,0,1,0,0,0,0,2,0,0,0,1,1,0,1,0,0,0,0,0,0,0,1,0,0,0,0,0,0,0,1,5,0,0,0,1,0,0,0,0,0,2,1
77,0,0,1,0,2,1,0,0,0,0,1,1,4,0,0,1,0,0,1,0,2,0,0,0,0,0,0,0,1,0,3,0,0,0,0,1,1,0,1,0,0,0,1,0,0,0,0,0,1,0,0
78,0,0,0,0,0,0,0,0,1,0,3,0,1,0,0,0,0,1,0,1,1,0,0,3,2,0,2,0,4,1,0,0,0,0,0,0,0,1,1,0,1,0,0,1,1,0,0,0,0,2,0
79,0,0,0,0,0,1,0,0,1,2,0,0,2,1,0,1,0,0,0,0,1,0,2,0,0,0,0,0,0,0,0,1,1,3,0,2,0,0,2,0,0,0,0,0,0,1,0,0,0,0,0
80,0,0,0,0,0,0,0,0,0,0,0,0,0,0,0,0,0,0,0,0,0,0,0,1,0,1,0,0,0,0,0,0,0,0,0,0,0,0,0,0,0,0,0,0,0,0,0,3,0,0,1
81,0,0,0,1,0,0,0,0,0,0,2,0,2,0,1,2,3,0,1,0,1,0,0,0,0,0,2,0,0,0,0,0,2,1,0,0,0,0,1,0,0,1,0,0,0,0,0,0,0,0,1
82,0,1,0,0,0,0,0,0,0,0,0,0,3,0,0,0,0,1,0,0,0,0,0,0,0,1,0,0,1,0,0,0,0,0,1,0,0,0,2,0,0,0,2,0,0,1,0,1,0,0,1
83,0,0,0,0,0,0,0,0,1,0,0,0,0,1,0,1,0,0,0,0,0,0,0,0,0,0,0,0,0,1,0,1,0,0,0,0,0,0,0,0,0,0,0,0,0,0,0,0,0,1,0
84,0,1,0,0,0,0,0,0,0,0,0,0,0,0,0,0,0,1,0,0,0,0,0,0,0,0,1,1,2,2,1,0,1,0,0,0,0,0,1,0,0,0,0,0,1,1,0,0,0,1,0
85,0,0,0,0,1,0,0,0,0,0,2,0,4,0,0,1,2,0,0,0,0,0,0,1,0,0,0,0,2,0,0,0,0,1,0,0,0,1,0,1,0,1,1,0,0,0,0,0,0,0,0
86,1,0,0,1,1,0,0,3,0,0,0,3,3,1,1,1,3,3,0,0,0,0,0,1,1,0,0,1,7,3,1,0,1,1,0,0,0,0,0,0,0,0,0,0,0,1,0,1,3,1,1
87,0,0,0,0,0,1,0,0,0,0,1,1,2,0,0,0,0,2,0,0,2,1,2,6,0,1,0,2,3,1,0,0,2,1,0,0,2,1,0,1,0,1,1,1,0,2,4,0,0,1,1
88,0,0,0,0,0,0,0,0,1,0,1,0,3,2,0,2,1,2,0,0,4,0,0,0,0,0,0,2,0,0,0,0,2,0,2,0,0,0,1,0,2,0,0,0,0,0,1,1,0,0,1
89,0,0,0,0,0,0,2,0,0,0,1,0,0,1,1,0,1,0,1,1,1,1,1,0,0,2,0,0,0,0,0,0,1,0,1,0,0,0,0,0,0,0,0,0,0,0,0,0,0,0,0
90,0,0,0,0,1,1,0,0,1,0,0,0,1,1,0,0,2,0,0,0,1,0,0,0,1,0,0,0,1,0,1,0,0,0,0,0,0,0,0,0,0,0,0,0,0,0,0,0,0,0,0
91,2,0,1,0,0,0,0,0,0,0,0,1,2,0,0,0,0,0,0,0,0,1,0,0,1,0,0,0,3,0,0,0,1,0,0,1,1,0,0,0,0,0,0,0,0,0,0,0,1,1,0
92,0,0,1,0,0,0,0,0,0,0,0,0,2,0,0,1,0,0,0,0,0,0,0,1,0,0,0,0,3,1,0,0,0,0,0,0,1,0,0,0,0,0,0,0,0,0,0,0,1,1,1
93,0,0,0,0,0,0,0,2,1,0,0,0,5,2,0,0,1,0,1,0,0,1,0,0,0,0,0,1,0,0,1,0,1,1,1,0,0,0,0,0,0,0,0,1,0,0,0,0,1,1,1
94,0,1,0,0,0,0,0,2,2,0,0,0,2,0,1,0,2,2,0,0,0,0,1,0,0,2,0,0,5,0,0,0,0,0,2,2,1,0,1,0,1,2,0,0,1,0,0,0,0,1,1
95,0,0,0,0,0,0,1,0,0,0,0,0,0,0,0,0,0,0,0,0,0,0,0,0,0,0,0,0,0,0,0,0,0,0,1,0,0,0,0,3,0,0,0,0,1,0,0,0,0,2,0
96,0,0,0,0,1,0,0,0,0,0,0,0,0,0,0,0,0,1,0,0,0,0,0,0,0,0,0,0,3,0,1,0,0,0,0,0,0,0,0,0,0,1,0,0,0,0,0,0,1,1,1
97,0,1,0,3,0,1,1,0,1,0,1,0,1,0,0,0,1,0,0,2,2,0,0,0,0,2,1,0,3,1,1,0,3,0,0,0,0,0,0,0,0,1,1,1,1,0,0,1,0,1,1
98,0,1,0,0,0,0,0,1,0,0,0,0,1,0,0,0,1,0,0,0,0,0,0,1,0,0,0,0,2,0,0,0,0,0,0,2,0,0,0,0,0,1,0,0,0,0,1,0,0,0,1
99,1,4,0,0,0,0,0,0,1,0,0,0,6,0,1,1,2,0,1,0,2,2,0,0,0,0,2,0,1,0,2,0,1,1,0,3,0,0,0,1,1,0,0,2,1,0,0,0,2,3,1
100,0,0,0,0,0,0,2,1,0,0,0,0,3,2,2,0,1,0,0,1,0,0,0,0,0,0,0,0,1,0,1,0,2,0,1,0,0,3,0,0,0,0,0,0,1,0,0,1,1,0,1
101,0,0,0,0,0,0,1,0,1,0,0,0,0,0,0,0,0,0,0,0,2,0,1,0,0,0,0,0,0,0,1,0,3,1,0,0,3,0,0,5,1,0,2,0,0,1,0,0,1,0,0
102,0,0,0,0,0,0,1,0,1,0,1,0,5,1,2,1,1,0,0,1,1,0,1,1,0,0,0,0,1,0,0,0,2,0,0,0,1,0,0,0,0,1,0,1,0,0,0,0,1,1,0
103,0,1,0,1,0,0,0,0,0,0,0,0,0,0,1,1,0,0,0,0,0,0,0,0,0,0,0,0,2,0,0,0,0,0,0,0,0,2,0,0,1,0,0,2,0,1,0,1,0,0,1
104,1,0,1,0,0,0,0,0,0,0,1,0,0,0,1,0,0,0,0,0,0,0,0,0,0,0,0,1,2,3,2,0,1,0,3,0,0,0,2,0,0,0,0,0,0,0,0,0,0,0,0
105,0,0,1,1,0,0,1,0,0,1,0,1,1,1,1,1,0,0,0,0,1,1,0,1,0,0,1,1,7,0,0,0,1,1,1,0,0,1,2,0,0,0,0,1,0,0,0,0,0,0,0
106,0,1,0,0,0,0,1,0,1,1,1,1,4,0,1,0,0,0,2,2,0,1,0,0,3,0,0,2,3,0,2,1,1,3,1,0,0,2,1,1,0,1,1,0,0,1,0,0,0,5,1
107,1,0,2,0,0,0,0,0,0,0,0,1,0,0,0,0,1,0,2,0,3,1,1,0,0,0,0,1,2,0,0,1,2,2,0,3,0,1,0,1,1,1,0,0,0,0,0,1,1,4,0
108,0,0,0,0,0,0,0,0,0,0,0,0,0,0,0,0,0,0,0,0,0,0,0,0,1,1,0,0,0,1,0,0,0,0,1,1,0,0,1,0,0,0,0,0,1,0,0,0,0,0,0
109,1,1,1,1,0,0,0,0,0,0,4,1,6,3,3,3,0,3,0,3,3,3,0,0,0,2,0,0,0,0,0,2,5,1,0,1,0,5,0,0,0,2,1,3,1,0,0,2,3,0,1
110,0,1,3,0,1,1,2,0,2,0,2,0,3,2,1,0,5,0,0,1,2,0,0,2,0,2,0,1,7,3,2,4,4,2,2,1,1,1,0,0,1,3,1,2,0,1,0,0,2,2,0
111,1,0,2,0,1,0,0,0,0,0,2,0,1,0,1,0,1,0,0,0,2,0,0,0,0,0,0,0,0,0,0,1,1,1,0,2,0,0,2,1,0,0,0,0,0,0,1,0,0,0,0
112,0,0,3,0,0,0,2,0,1,0,1,0,9,2,0,1,1,0,0,1,0,0,0,0,2,0,0,0,0,0,0,0,1,0,0,2,0,0,1,1,1,0,0,0,1,0,1,0,0,2,1
113,0,0,0,2,0,0,0,0,0,0,0,1,1,0,0,1,1,0,0,1,2,0,0,0,2,1,2,2,9,1,0,2,0,0,0,0,1,0,0,0,0,0,0,1,0,0,0,0,0,0,1
114,0,0,0,1,1,0,0,0,0,0,0,0,0,0,0,0,1,0,1,1,0,0,0,0,0,0,0,0,2,0,1,1,1,0,0,1,0,0,0,0,0,0,0,0,0,0,0,0,0,1,0
115,0,0,1,0,0,2,0,0,0,0,2,0,0,0,0,0,0,0,0,2,1,0,1,0,0,0,1,0,1,0,1,1,3,1,0,0,1,0,0,0,0,0,0,0,0,0,1,1,0,0,1
116,0,1,2,1,0,0,0,0,1,0,0,0,1,0,1,1,1,1,0,1,1,4,0,0,3,2,1,1,3,0,0,1,2,0,3,2,0,0,0,0,1,0,0,0,0,0,0,3,0,3,0
117,0,1,0,0,0,0,0,0,1,1,0,0,0,0,0,1,0,0,0,0,0,1,0,0,1,0,0,1,0,0,1,0,3,1,0,0,0,0,1,0,0,1,0,1,0,1,1,0,0,1,0
118,1,0,1,1,0,3,0,0,1,0,1,0,0,0,0,2,0,0,0,1,5,0,0,0,0,0,0,0,4,1,0,0,1,0,2,0,1,0,0,0,2,0,0,1,0,0,3,0,0,3,0
119,0,0,0,0,0,0,0,0,0,0,0,0,0,0,0,0,0,0,0,0,0,0,0,0,0,0,0,0,3,0,0,0,0,0,0,0,1,0,0,0,0,0,0,0,0,0,0,0,0,1,0
120,0,0,0,0,0,0,0,0,0,0,0,0,0,0,0,0,0,0,0,0,0,0,0,0,0,0,0,1,0,0,1,0,0,0,0,0,0,0,0,0,0,0,0,1,0,0,0,1,0,0,0
121,0,0,2,0,1,0,0,0,1,0,2,0,0,0,2,0,0,0,0,1,1,1,0,0,0,1,0,0,0,0,1,1,1,0,0,1,0,0,0,0,0,0,0,1,1,0,1,0,0,3,0
122,0,0,2,0,0,0,0,0,0,0,0,0,0,0,0,3,0,0,0,0,2,0,1,0,0,0,0,0,0,2,0,1,2,1,0,0,0,0,0,0,0,0,0,1,0,0,0,1,0,0,0
123,0,0,0,0,0,0,1,0,0,0,0,1,8,1,0,0,0,0,1,2,1,0,0,0,0,1,0,2,0,0,2,0,0,4,0,2,0,0,0,0,1,1,0,0,1,0,0,0,0,0,1
124,0,1,1,0,0,0,0,2,0,0,0,0,3,2,1,1,0,2,0,0,0,2,0,0,1,0,0,0,1,1,0,0,3,0,0,1,0,0,0,0,0,1,0,1,1,0,0,1,1,3,1
125,0,2,0,0,0,0,0,0,0,0,0,0,1,0,1,1,1,1,0,0,0,0,0,3,0,2,1,1,0,0,0,0,2,1,0,1,0,0,2,0,0,2,0,3,2,1,0,2,0,0,1
126,0,0,0,0,0,0,0,0,3,0,0,0,1,0,0,0,0,0,0,0,1,0,0,0,0,0,0,0,0,0,0,0,2,0,0,0,0,0,0,0,0,1,0,0,0,0,1,0,0,0,0
127,0,0,0,0,0,1,0,0,0,0,0,0,0,0,0,1,0,0,0,0,2,0,0,0,0,0,0,0,4,2,1,0,2,0,1,1,0,0,1,1,0,1,0,0,1,0,0,0,1,1,1
128,1,0,0,0,1,0,0,0,2,0,1,0,0,0,0,0,0,0,0,0,2,0,0,0,0,0,0,0,0,0,0,0,0,0,0,1,0,0,0,0,0,0,0,1,0,1,0,1,0,4,0
129,0,0,0,0,0,0,0,0,0,0,0,0,0,0,1,0,0,0,0,1,2,0,0,1,0,0,0,0,0,0,0,0,2,0,0,0,0,0,0,2,0,1,0,0,0,0,2,0,0,0,1
130,0,2,0,0,2,1,1,0,0,0,1,0,0,0,0,1,0,0,1,0,2,0,1,0,0,0,0,0,5,2,2,0,4,5,1,1,0,0,0,0,0,0,1,0,1,0,1,1,0,1,0
131,1,4,1,0,1,0,2,0,0,0,3,0,0,0,3,1,2,0,0,0,9,0,1,2,2,3,0,0,6,5,1,4,3,4,1,2,0,0,0,0,1,0,0,0,0,1,1,1,0,2,0
132,0,1,0,0,0,0,0,0,0,0,0,0,0,0,1,0,3,0,0,0,0,0,0,0,0,0,0,0,0,0,0,0,1,0,0,1,0,0,0,1,0,0,0,0,0,0,0,0,0,0,0
133,0,1,0,0,0,0,0,1,2,0,0,0,0,0,0,0,0,0,0,0,2,0,0,0,0,0,0,0,0,0,0,0,0,3,0,0,1,0,0,0,1,0,0,0,0,0,0,0,0,0,1
134,1,0,0,0,0,0,0,1,1,0,0,0,1,0,2,0,1,0,0,0,1,0,1,0,0,0,0,0,0,0,0,0,0,0,0,0,0,0,0,0,0,1,0,1,0,0,1,0,1,0,1
135,0,0,0,1,0,0,1,1,0,0,0,0,2,0,1,1,2,0,0,0,0,1,1,0,0,1,1,0,0,0,1,0,1,0,0,0,1,0,0,0,0,0,0,1,1,0,0,1,1,0,1
136,0,1,1,1,1,0,0,0,0,0,3,0,10,1,0,0,0,0,0,0,3,3,2,0,1,1,2,1,0,1,2,2,3,2,4,1,0,3,1,0,0,0,0,0,1,1,0,1,2,0,0
137,0,0,1,0,1,0,0,2,1,1,0,1,3,0,2,1,1,1,0,1,1,0,0,0,1,2,0,0,7,1,0,0,1,0,0,0,0,0,1,0,0,2,0,0,1,1,0,1,0,2,0
138,1,0,0,1,0,0,0,0,0,0,0,0,1,0,0,0,0,1,0,0,2,0,0,0,0,0,0,0,0,1,0,0,1,0,0,0,2,0,0,0,0,1,0,0,0,0,0,0,0,0,0
139,1,0,0,0,0,0,0,0,0,0,0,0,1,0,0,1,2,1,0,0,1,0,0,0,1,0,0,0,1,0,0,0,0,0,0,0,0,0,0,0,1,0,0,1,1,0,0,0,0,0,0
140,3,0,0,0,0,0,2,0,0,1,0,0,3,0,0,0,0,0,0,1,0,0,0,1,0,0,1,0,0,0,2,0,0,0,0,2,0,0,0,1,0,2,0,0,0,0,0,0,0,0,0
141,0,1,0,2,1,0,0,1,0,1,0,0,4,0,0,0,1,0,0,0,0,0,0,0,2,0,3,0,0,0,0,0,2,0,1,0,0,0,0,0,0,0,0,0,0,0,1,0,0,1,0
142,0,0,0,0,0,0,0,0,0,0,0,0,1,0,0,0,0,0,0,0,0,1,0,0,0,0,0,0,0,0,0,0,1,0,0,0,0,0,0,0,0,0,0,0,0,0,0,0,0,0,0
143,0,0,0,0,0,0,0,0,1,0,0,0,2,0,0,1,0,0,0,0,0,0,0,0,2,0,1,0,3,1,1,0,1,0,0,0,0,0,0,0,0,2,1,1,0,0,0,1,1,0,0
144,0,0,0,0,1,1,0,0,1,0,0,0,2,2,0,0,0,1,0,1,2,0,0,0,0,0,0,0,4,1,0,1,0,0,0,0,0,1,1,0,0,0,3,0,0,0,0,1,0,0,0
145,1,3,2,1,1,1,0,1,1,0,1,0,4,0,0,0,1,0,0,1,0,0,0,0,1,0,0,1,0,0,2,0,1,0,0,0,0,0,1,0,0,0,1,0,1,0,0,0,1,0,0
146,0,0,0,0,0,1,0,0,0,0,0,0,1,0,0,0,0,0,0,0,0,0,0,0,0,0,0,0,0,0,0,0,0,0,0,0,0,0,0,0,0,0,0,0,0,0,0,0,1,1,1
147,2,0,4,0,1,1,0,0,1,0,1,0,0,0,2,1,1,0,1,0,1,0,0,0,0,0,0,1,8,0,0,2,0,0,1,0,0,0,2,0,1,0,0,0,0,0,0,0,1,1,0
148,1,1,0,1,0,0,0,0,0,0,0,0,0,0,0,0,0,2,0,0,0,0,0,0,0,0,1,0,3,1,1,0,2,0,0,0,0,0,1,0,0,1,0,0,0,0,0,0,0,0,1
149,0,0,0,0,0,0,1,1,0,0,0,0,0,0,1,0,3,0,0,0,1,0,0,0,0,0,0,0,3,0,0,0,0,0,0,0,0,0,0,0,0,0,0,1,0,0,0,1,0,0,1
150,0,1,0,0,0,0,0,0,0,0,0,1,6,2,1,0,0,0,0,0,0,0,0,0,0,0,0,0,1,0,0,0,0,0,0,0,2,0,0,0,0,0,0,0,0,0,0,0,0,1,1
151,0,1,2,1,1,0,0,0,0,0,0,0,1,2,0,1,0,0,0,0,0,0,0,1,0,0,0,1,0,0,0,0,2,0,0,1,0,0,1,0,1,0,0,0,1,0,0,0,0,0,0
152,0,2,0,1,1,0,0,0,0,0,1,1,0,0,0,0,1,0,0,0,0,0,0,2,0,0,0,0,1,0,0,0,0,0,1,0,1,0,0,0,0,0,0,0,0,0,0,0,1,0,1
153,0,0,0,0,0,1,0,0,1,0,0,0,0,0,0,0,0,0,0,0,0,0,0,0,0,0,0,1,1,0,0,0,0,0,0,0,0,0,0,0,0,0,0,0,0,1,0,0,0,2,0
154,0,0,0,0,0,1,0,2,2,0,1,2,1,0,1,1,0,1,0,0,0,0,0,0,0,0,0,0,2,0,2,0,1,0,0,0,2,0,0,0,0,0,0,2,0,1,1,1,0,2,0
155,0,0,0,1,0,0,0,0,0,0,0,0,0,0,0,0,0,0,0,0,0,0,0,0,0,0,0,0,0,0,0,0,0,0,0,0,0,0,0,1,0,0,0,3,0,1,0,0,0,0,1
156,1,0,0,2,0,0,0,2,0,0,0,0,2,1,1,0,0,0,0,0,0,1,0,1,0,1,0,3,1,0,0,0,2,0,0,0,0,0,0,0,0,1,0,2,0,0,0,0,0,0,1
157,1,0,0,1,0,0,0,0,1,0,1,0,0,3,0,0,0,1,0,0,1,0,0,0,0,0,0,1,0,0,1,2,2,0,0,0,1,0,0,0,0,0,0,0,0,0,0,0,0,2,1
158,1,0,1,0,0,0,0,0,0,0,1,1,4,0,0,0,1,0,0,0,1,0,0,0,0,0,0,0,1,0,0,0,1,0,0,0,0,1,0,1,0,0,0,1,0,0,0,1,0,0,0
159,0,0,0,0,1,0,0,0,0,1,0,1,1,0,0,1,0,0,0,0,3,0,1,0,1,0,0,0,4,0,0,0,3,0,0,1,0,0,1,0,0,0,0,2,0,2,0,0,0,1,0
160,2,0,0,0,0,0,0,0,0,0,0,0,0,0,0,0,0,0,0,0,0,0,0,0,0,0,0,0,4,0,1,0,0,0,1,0,0,0,0,0,0,0,0,0,0,0,0,0,0,1,0
161,0,0,0,0,0,0,0,0,0,0,2,0,3,0,0,0,0,1,0,0,0,0,0,0,0,1,0,0,0,1,1,0,1,0,2,0,0,0,0,0,1,7,0,0,7,0,0,1,0,1,1
162,0,0,0,1,1,0,0,0,0,0,0,0,1,1,0,1,0,0,0,0,0,0,0,0,0,0,0,0,0,0,0,0,1,0,0,0,1,0,1,0,0,0,0,0,0,0,0,0,0,1,0
163,0,2,0,1,1,0,0,0,0,0,2,0,1,0,2,0,1,1,0,0,1,0,0,0,0,0,0,0,1,1,0,0,0,0,0,0,0,0,2,0,0,0,0,0,1,1,0,0,0,2,0
164,0,0,0,0,0,0,0,0,0,0,0,1,5,2,0,1,1,0,0,0,1,1,0,0,0,1,0,0,5,0,0,0,1,1,0,1,0,0,4,0,0,1,0,0,0,2,0,0,0,0,1
165,2,0,0,0,0,0,0,1,1,0,1,0,6,0,0,0,0,0,0,2,0,0,0,2,1,0,0,0,0,0,0,0,1,0,0,0,0,0,0,0,0,0,0,1,0,0,1,0,2,0,1
166,0,0,0,1,0,0,0,0,0,0,0,3,1,0,0,0,0,0,0,0,1,0,0,0,1,0,0,0,1,0,0,0,2,0,0,0,0,2,1,0,0,0,0,0,0,1,0,1,0,1,1
167,0,0,0,0,0,1,0,0,0,0,0,0,6,0,0,0,0,1,0,0,1,0,0,0,0,1,0,1,2,0,0,0,0,0,0,0,1,0,0,0,1,0,0,0,0,2,0,0,0,0,1
168,0,0,0,1,0,0,0,0,0,0,0,2,1,0,0,0,0,0,0,1,1,3,0,0,2,0,0,0,3,1,0,0,1,0,0,1,0,0,0,0,0,0,0,1,0,0,0,0,0,0,0
169,0,3,0,0,0,0,0,0,0,0,0,0,3,0,1,2,2,1,1,0,1,2,0,0,0,1,0,0,3,0,0,0,2,1,0,1,0,0,1,0,1,0,0,1,2,0,0,0,2,1,0
170,2,0,0,0,0,0,1,0,1,1,0,0,0,0,0,0,0,0,0,0,0,1,2,2,0,0,0,0,0,0,0,0,0,0,0,0,0,0,0,0,0,1,0,0,0,0,1,0,0,3,1
171,0,0,0,0,1,0,0,0,1,1,0,0,0,0,0,1,0,0,0,0,0,0,0,0,0,0,0,0,3,0,0,0,0,0,0,0,0,0,1,0,0,0,0,0,0,1,0,0,0,0,0
172,1,0,0,1,0,0,0,0,0,0,1,0,5,3,1,1,1,2,0,0,0,0,0,0,0,0,0,0,0,0,2,0,5,0,0,0,2,1,3,0,0,7,0,0,2,0,0,1,2,0,1
173,0,0,1,0,0,0,0,0,0,1,1,0,3,0,0,0,0,0,0,0,0,0,0,0,0,0,0,0,0,0,0,0,2,0,0,0,0,0,1,0,0,0,0,0,1,0,0,1,0,0,0
174,0,0,0,0,1,1,0,0,1,1,0,0,2,0,0,1,0,0,1,0,2,0,0,0,0,0,0,0,3,0,0,0,0,1,0,0,0,0,0,0,0,0,1,0,0,0,0,0,0,3,1
175,0,0,0,0,0,0,0,0,0,0,0,0,2,0,3,0,1,0,0,0,0,0,0,0,0,0,0,0,2,0,0,0,0,0,0,1,0,0,1,1,0,1,0,1,0,1,0,0,0,1,0
176,1,0,0,0,0,0,0,0,0,0,0,0,1,0,2,1,0,0,0,1,0,1,1,0,0,0,0,0,1,0,1,0,1,0,0,1,0,1,0,0,0,1,0,0,1,0,0,0,0,1,1
177,1,0,0,0,0,0,0,0,0,0,0,0,0,0,1,0,3,1,1,0,1,0,0,0,0,0,0,0,0,0,0,0,1,0,0,0,0,0,0,0,0,0,0,1,1,1,0,0,0,1,1
178,0,0,0,1,0,0,0,0,1,0,0,0,1,0,1,0,0,2,0,0,0,0,0,0,0,0,0,0,2,0,0,0,1,0,0,1,0,0,0,0,0,0,0,0,0,0,0,0,1,0,1
179,0,0,0,0,0,0,0,0,0,0,0,0,2,0,0,0,0,0,0,0,0,0,0,0,0,0,0,0,0,0,0,0,2,1,0,0,0,0,0,0,0,1,0,0,0,0,0,0,0,0,1
180,1,0,0,1,0,0,0,1,0,0,0,1,0,0,0,0,0,3,0,1,0,0,0,0,0,0,0,0,0,0,0,0,1,0,1,0,0,0,0,2,0,0,0,0,0,1,0,0,0,0,1
181,1,0,0,0,1,0,0,2,0,0,0,0,1,0,0,1,0,0,1,0,1,0,1,0,0,1,0,0,1,1,1,1,1,0,1,0,0,0,0,0,1,0,1,0,1,0,1,0,1,2,0
182,0,0,0,1,2,0,0,0,0,0,0,0,2,1,0,0,0,2,0,0,0,0,0,1,0,2,0,0,0,0,1,0,2,0,1,0,0,0,0,0,2,2,0,0,1,0,0,0,1,2,1
183,0,0,0,0,0,0,0,0,0,1,0,0,2,0,0,0,0,0,0,0,0,2,0,0,0,0,0,0,0,0,0,0,0,0,0,0,0,0,0,0,0,0,0,0,0,0,0,1,0,0,1
184,0,1,0,0,0,0,3,0,1,0,3,0,2,0,0,0,0,0,0,2,1,0,0,0,1,0,0,0,1,1,4,4,5,2,0,0,0,1,1,0,0,4,0,1,2,0,0,0,0,2,1
185,0,0,0,0,0,0,0,1,0,0,0,0,0,0,0,0,0,0,0,0,1,2,1,0,0,0,0,0,0,0,0,0,0,0,0,0,0,0,0,0,0,0,0,0,0,0,0,0,0,0,1
186,0,0,1,0,0,0,0,0,1,0,0,0,4,0,1,0,3,0,0,0,1,0,0,0,1,0,1,0,1,0,0,0,1,0,0,1,0,0,0,0,0,0,0,0,1,0,2,1,0,1,0
187,0,0,0,1,0,0,1,0,0,0,1,0,1,0,0,0,2,0,0,0,0,1,0,0,0,0,2,0,0,0,0,0,0,0,0,0,0,1,0,0,0,0,0,0,0,0,0,0,0,1,0
188,0,0,0,0,0,0,0,1,0,0,0,0,1,0,0,0,0,0,1,0,0,0,0,0,0,1,0,0,0,0,0,0,2,0,0,0,0,0,0,0,0,0,0,0,0,1,0,0,0,1,1
189,1,0,0,0,0,0,0,1,0,0,0,0,1,0,0,0,0,0,0,0,0,1,0,0,1,1,0,1,0,1,1,0,0,0,0,0,0,0,1,0,0,0,0,0,0,1,0,0,0,0,1
190,0,0,0,0,0,0,0,0,2,0,0,0,0,0,0,0,0,0,0,0,0,0,0,0,0,0,0,0,0,0,0,1,1,0,0,1,1,0,0,0,0,0,2,0,0,0,0,0,0,0,0
191,0,0,0,0,0,1,0,0,1,0,0,0,0,0,0,1,0,0,0,0,0,0,0,0,0,0,0,0,3,0,0,0,0,1,0,0,0,0,1,0,1,0,0,0,0,0,0,0,1,0,0
192,0,0,0,0,0,0,0,0,2,0,0,0,5,2,0,0,1,0,0,0,1,0,1,0,0,0,0,1,0,0,0,0,2,0,0,0,1,0,0,0,1,0,1,0,1,2,0,1,0,0,0
193,0,0,0,0,0,0,0,1,2,0,1,0,0,0,0,0,0,0,0,1,0,0,0,0,0,1,0,0,2,0,0,2,0,3,0,0,0,0,0,0,0,0,1,0,0,0,0,0,0,0,1
194,0,0,3,0,0,0,0,0,0,0,0,0,1,0,0,1,1,0,0,0,0,0,0,1,0,0,0,1,1,1,0,0,0,1,0,0,0,0,0,0,0,0,1,0,0,0,1,0,0,1,0
195,1,0,0,0,0,1,0,0,0,0,0,0,1,0,0,1,0,0,1,0,1,0,0,0,0,0,0,0,1,0,0,0,0,0,1,1,0,0,0,0,1,0,0,0,0,0,1,0,0,0,0
196,0,3,0,1,1,3,4,0,0,3,0,0,1,0,2,0,1,2,0,2,2,0,1,2,0,1,2,5,10,4,0,0,6,1,0,2,1,1,0,0,2,1,0,2,2,1,2,2,2,0,1
197,1,2,0,0,0,0,0,0,0,0,0,0,1,0,0,0,1,0,0,0,2,0,0,2,0,0,0,1,2,1,0,0,1,0,0,0,0,0,0,0,1,2,0,0,0,0,0,0,0,0,1
198,0,0,0,1,4,0,0,3,2,0,2,0,6,1,1,1,5,1,1,0,0,0,0,0,0,0,0,0,0,0,0,1,3,1,3,1,0,0,0,0,0,0,0,1,0,0,0,0,0,0,0
199,0,0,0,0,1,0,0,1,1,1,1,1,0,0,1,0,0,0,0,0,1,0,0,2,0,0,0,0,6,1,0,1,1,0,0,1,1,2,0,0,0,0,0,0,0,2,0,1,0,1,0
200,0,1,2,0,1,0,0,1,0,0,0,0,2,0,0,1,0,0,0,0,0,1,0,0,0,0,0,0,6,0,0,0,0,1,0,2,0,0,0,0,0,0,0,0,1,0,0,1,0,0,0
201,0,0,0,0,0,0,0,0,0,0,1,0,1,0,0,0,2,0,0,1,0,1,0,0,0,0,0,0,1,0,0,0,1,0,0,0,0,0,0,0,0,0,1,0,1,1,0,0,0,0,1
202,0,0,0,1,0,0,0,0,0,0,0,0,0,3,0,0,0,0,0,0,1,0,0,0,0,0,1,0,0,1,0,0,1,0,0,0,0,0,0,0,0,0,0,0,0,0,0,0,0,2,1
203,0,0,0,0,0,0,0,0,0,1,0,0,1,0,0,0,0,0,0,2,1,0,0,1,0,0,2,0,0,0,0,0,0,0,0,0,0,0,0,0,0,2,0,0,0,0,0,0,1,0,1
204,0,1,1,0,0,0,0,0,0,0,0,0,2,0,2,0,0,0,0,0,1,0,0,0,0,0,0,2,0,0,0,0,0,0,0,0,0,0,0,0,0,0,0,0,0,1,0,0,1,0,1
205,0,0,0,0,0,0,0,0,0,0,0,0,0,0,0,0,0,0,0,0,0,2,0,0,1,0,1,0,1,1,0,0,0,0,1,0,1,1,0,0,0,0,0,0,1,0,0,0,0,0,1
206,1,0,0,0,1,0,1,0,0,0,0,0,2,0,0,0,0,0,0,0,1,0,0,0,0,0,0,0,2,0,1,0,0,1,0,0,0,0,0,0,0,0,0,0,0,0,0,0,1,1,0
207,0,0,0,0,1,0,4,0,0,0,1,0,5,1,1,0,0,1,0,0,0,0,0,0,0,2,1,1,1,0,2,0,0,1,0,1,0,1,0,0,0,0,2,1,1,0,0,0,1,1,1
208,0,1,0,1,0,0,0,0,1,0,0,1,0,0,0,0,0,3,1,0,2,0,0,0,2,0,0,2,9,0,0,1,2,1,0,0,0,0,0,0,2,0,3,1,0,0,0,2,0,0,1
209,0,1,0,0,0,0,0,1,2,0,0,0,0,0,1,0,1,1,0,0,0,0,0,0,0,0,0,0,2,1,1,0,0,0,0,0,0,0,1,0,0,0,0,0,0,0,0,0,0,1,1
210,0,3,0,0,0,0,0,0,0,0,0,0,6,1,3,0,0,3,1,1,0,0,0,0,0,1,2,2,0,0,0,1,1,3,0,0,3,0,1,0,0,0,0,0,1,0,0,0,1,1,1
211,1,0,0,0,0,0,0,0,2,0,0,0,2,0,0,0,2,0,0,0,0,3,0,0,0,2,0,1,0,0,1,0,0,0,0,1,0,0,0,0,1,0,1,0,0,0,0,1,0,0,1
212,1,0,0,0,0,0,0,2,1,0,0,0,0,0,0,0,1,0,0,0,1,0,0,0,0,0,0,0,0,0,0,0,0,0,0,0,0,0,0,4,0,0,1,0,1,0,0,0,0,1,0
213,0,1,0,0,0,0,0,3,0,0,1,0,2,0,0,0,0,0,0,1,1,0,0,0,0,0,0,0,0,0,1,0,2,4,0,0,0,0,2,0,0,0,1,0,0,0,0,1,0,0,1
214,1,0,0,0,0,0,1,0,0,0,0,0,0,0,0,1,1,0,0,0,2,0,1,0,0,0,0,0,0,0,0,0,0,0,1,0,0,0,0,0,0,0,0,0,0,0,0,0,0,0,1
215,0,0,0,1,0,0,0,0,0,0,0,0,0,0,0,0,0,0,0,0,0,0,0,0,0,1,0,0,0,0,0,0,0,0,1,0,0,0,0,2,0,0,0,0,0,0,0,0,0,0,1
216,0,3,0,0,0,0,0,0,2,1,0,0,0,0,0,2,1,1,0,1,1,1,1,1,0,0,0,1,2,0,0,1,0,3,0,0,0,0,2,3,1,4,2,0,0,1,1,1,1,0,1
217,2,0,1,0,0,0,0,0,0,0,0,0,0,0,0,0,1,0,1,0,2,1,0,0,0,2,0,0,2,0,0,0,0,0,1,0,1,0,1,0,1,0,0,0,0,3,0,0,0,0,1
218,0,1,0,0,1,0,0,0,0,0,0,0,0,1,0,0,0,0,0,0,0,0,0,1,0,0,0,0,2,0,2,1,1,0,0,0,0,0,0,0,0,0,0,0,0,0,0,1,0,0,1
219,0,0,0,0,0,0,0,0,1,0,1,0,1,0,0,0,0,1,0,0,0,0,0,0,0,0,0,0,2,0,0,0,1,0,0,0,1,0,0,0,0,0,0,0,0,0,0,0,0,0,0
220,0,1,0,0,1,0,0,0,1,0,0,0,1,0,0,0,1,0,0,0,0,0,0,0,0,0,1,0,0,0,1,0,1,0,0,0,0,0,2,0,1,1,0,0,0,0,0,0,0,1,1
221,0,0,0,1,0,0,1,0,1,0,1,0,0,0,0,0,0,0,0,0,1,0,1,0,0,2,0,1,5,0,2,1,2,1,0,0,0,0,0,0,0,1,0,1,0,0,0,0,0,1,0
222,0,0,0,0,0,0,0,0,1,0,0,1,1,2,0,0,0,0,0,0,0,0,0,0,1,0,0,0,0,0,0,0,3,1,1,0,0,0,0,0,0,0,1,0,0,0,0,0,0,1,0
223,3,0,0,1,3,0,1,0,0,0,0,0,4,1,1,2,1,0,0,0,1,1,0,0,0,1,2,0,2,0,2,0,1,0,2,1,1,0,1,0,0,0,0,0,0,0,2,1,1,1,0
224,0,0,0,0,0,0,0,0,1,0,0,1,0,0,0,0,0,0,0,0,0,0,0,0,0,0,0,0,1,1,0,0,2,0,0,0,0,0,0,0,0,0,1,0,0,0,0,0,0,0,1
225,0,0,1,0,0,0,0,0,0,0,0,0,2,0,0,0,2,0,0,0,0,1,0,0,0,0,0,0,1,0,0,0,0,0,1,1,0,0,0,0,1,0,0,1,0,0,0,0,0,0,0
226,0,2,0,0,0,1,0,0,1,0,1,0,0,0,0,1,2,2,0,0,0,0,0,2,0,0,0,1,2,0,0,0,1,1,0,1,0,0,0,1,0,0,1,0,0,0,0,0,0,0,0
227,0,0,0,0,0,0,0,0,0,0,0,1,0,0,0,1,0,0,1,0,0,0,0,0,0,0,0,0,2,1,0,1,1,1,0,0,0,0,0,1,1,0,1,0,0,0,0,0,0,0,1
228,0,0,0,0,0,0,0,0,0,0,0,0,1,0,0,0,0,0,0,0,3,0,1,0,0,0,0,1,4,1,1,0,3,3,0,0,0,0,0,1,0,0,1,0,0,1,0,0,0,0,1
229,0,0,0,0,0,0,0,1,0,0,0,0,2,0,0,0,1,1,0,0,0,0,0,0,0,0,1,0,0,0,0,0,2,0,1,0,1,1,0,0,0,1,0,0,0,0,0,1,0,1,1
230,0,1,1,0,0,0,1,0,0,0,2,0,1,0,0,1,1,0,0,1,1,0,0,1,0,2,1,0,3,0,1,0,1,0,0,1,0,1,1,1,0,0,0,0,1,0,0,0,0,0,0
231,0,2,2,0,0,0,0,0,0,0,0,0,4,0,0,0,0,0,0,1,1,0,0,0,0,0,0,1,0,0,1,0,0,0,0,1,0,0,0,0,0,0,0,0,0,1,0,1,2,1,1
232,0,1,1,0,0,1,0,0,0,0,0,0,3,1,0,0,1,2,1,1,1,1,1,1,0,1,0,0,3,0,0,1,1,0,0,0,1,0,1,0,1,0,1,1,0,0,0,0,0,0,1
233,1,1,1,0,1,0,0,0,0,0,0,0,0,0,0,0,2,0,0,1,0,0,1,1,0,0,1,0,0,0,1,0,1,1,0,2,0,0,0,2,0,3,1,1,0,3,1,0,1,0,1
234,0,0,0,0,0,0,0,1,0,0,1,0,0,0,0,0,5,1,0,0,1,0,0,0,0,0,0,0,5,0,0,0,0,0,0,2,0,0,1,0,0,1,0,0,0,0,0,1,0,0,0
235,0,1,0,1,0,0,1,0,0,0,1,0,0,0,0,0,0,0,1,0,0,1,0,0,0,0,0,0,4,0,0,0,0,0,0,1,0,1,0,2,0,1,0,0,0,0,0,0,0,2,0
236,0,1,4,4,0,0,2,1,1,0,0,0,4,3,1,0,0,0,0,2,2,0,1,1,1,2,0,0,3,4,1,2,2,0,1,0,0,0,2,0,0,2,0,0,1,1,0,3,2,1,0
237,0,0,0,0,0,0,1,0,0,1,0,0,2,0,1,1,0,0,0,0,1,0,2,0,0,0,0,0,1,0,1,2,0,0,0,1,0,0,0,0,0,0,0,0,0,0,0,0,0,0,1
238,0,0,0,0,1,2,0,0,1,0,0,0,0,0,0,2,0,0,0,0,1,0,0,0,0,0,0,0,2,0,1,0,0,0,0,1,0,1,1,0,0,0,0,0,1,0,0,2,0,0,0
239,0,0,0,0,0,0,0,0,0,0,1,0,3,0,1,0,0,1,0,0,0,0,0,0,0,1,0,1,0,0,0,0,3,0,1,0,0,1,0,0,0,0,0,0,0,0,0,0,1,0,0
240,0,0,0,0,0,0,0,0,0,0,0,1,3,0,0,0,1,0,0,0,0,0,0,0,0,0,0,0,1,0,0,0,2,1,0,0,0,0,0,0,0,1,0,0,0,0,0,0,0,0,0
241,1,0,0,0,0,0,0,0,1,1,0,0,3,0,1,0,1,2,0,0,0,2,0,2,0,0,0,0,1,0,0,0,0,0,0,1,1,0,0,0,0,0,0,1,0,1,0,0,0,0,1
242,0,0,0,0,0,0,0,0,0,0,1,0,0,0,0,0,0,0,0,0,0,0,0,0,0,0,1,0,1,0,0,0,0,0,0,0,0,0,0,0,0,2,0,0,0,0,0,0,0,0,1
243,0,0,0,1,0,0,2,1,0,1,0,0,2,1,1,0,0,0,0,0,0,0,0,0,0,0,0,0,3,0,1,0,1,1,0,0,0,1,0,0,0,0,0,2,0,0,0,1,0,1,1
244,0,0,0,0,0,1,0,0,0,0,0,0,1,3,0,0,0,0,0,0,0,0,1,0,0,0,2,0,0,0,0,0,5,0,1,0,0,0,0,0,0,1,0,2,2,0,0,0,0,1,1
245,1,0,0,0,0,0,0,0,0,0,0,0,0,0,0,0,0,0,0,0,3,0,0,0,1,0,0,0,3,4,0,0,1,1,0,0,0,0,0,4,0,0,0,1,0,1,0,0,0,1,1
246,1,0,0,0,0,0,0,1,0,0,0,0,3,0,1,0,0,0,0,0,0,0,0,0,0,0,0,0,5,0,0,0,2,2,0,0,0,0,0,0,0,2,0,1,1,0,0,0,1,0,0
247,2,1,1,0,0,1,0,0,0,2,0,1,0,0,1,1,1,0,0,1,0,0,0,2,1,1,0,0,4,0,1,0,0,0,0,0,0,1,0,0,0,0,0,1,0,0,0,0,1,0,0
248,0,0,0,0,0,0,0,0,0,0,0,0,0,0,0,0,0,0,0,0,2,0,0,0,0,0,0,1,7,2,0,0,2,0,0,0,0,0,2,0,1,0,0,1,0,3,1,0,0,1,1
249,0,0,1,0,0,0,1,0,0,0,0,0,0,0,0,1,0,0,0,0,0,0,0,0,0,0,0,0,0,0,0,0,1,0,0,0,0,0,0,0,0,0,0,0,0,0,0,0,0,1,0
250,0,1,0,1,0,0,0,0,0,0,0,0,4,0,0,2,0,0,0,0,0,1,0,1,2,0,0,0,3,0,0,1,0,1,0,1,0,0,0,0,0,0,0,1,0,1,0,0,2,0,1
251,1,1,0,0,0,0,0,1,0,0,0,0,0,0,0,0,0,0,0,1,1,0,0,0,0,0,0,0,2,0,1,0,0,0,0,0,0,0,0,1,0,0,0,0,0,0,0,0,0,0,0
252,0,1,0,0,0,0,1,0,0,0,0,1,0,0,0,0,1,1,0,0,0,0,0,0,0,0,0,0,0,0,0,0,0,0,0,0,0,0,1,0,0,0,0,0,0,0,0,0,0,0,1
253,0,0,0,0,0,0,2,0,1,0,1,0,7,1,0,0,0,0,0,0,3,0,0,0,3,0,1,1,8,1,2,1,2,1,0,0,1,1,1,1,1,0,0,0,0,0,0,0,1,1,0
254,0,1,0,0,1,0,0,0,1,1,0,0,0,0,0,0,0,0,0,0,0,0,0,0,0,0,0,0,1,0,0,0,0,0,0,0,0,0,0,0,1,0,0,0,0,0,0,0,0,0,0
255,0,0,0,1,2,2,2,0,2,0,1,1,8,2,1,4,1,0,0,1,2,1,3,2,1,3,0,0,0,0,4,0,1,0,0,0,1,2,2,0,1,0,1,1,0,0,0,1,0,5,1
256,0,0,0,0,1,0,0,0,0,1,1,1,1,0,0,2,0,0,1,0,0,0,1,0,0,1,0,0,1,0,1,0,1,0,1,2,0,0,1,0,0,1,0,0,0,0,0,0,0,0,1
257,0,0,0,0,0,0,2,0,0,0,0,0,1,0,0,0,0,0,0,0,1,1,0,0,0,0,0,0,1,0,0,0,2,0,1,0,0,0,0,0,0,1,0,1,1,0,0,0,1,0,0
258,0,0,0,0,0,0,0,0,0,0,1,0,0,0,0,0,0,0,0,0,0,0,0,0,0,0,0,0,2,1,0,0,2,0,0,0,0,0,0,0,0,0,0,1,0,0,0,0,0,1,1
259,0,0,0,0,0,0,0,1,0,0,2,1,0,0,0,0,0,0,0,0,1,0,0,0,1,0,0,0,0,0,0,0,1,0,0,0,0,0,0,0,1,0,0,0,0,0,0,0,0,0,1
260,0,0,0,0,0,0,0,0,0,0,0,0,0,0,0,0,0,0,0,0,0,0,0,0,0,0,0,0,2,0,0,0,0,1,0,0,0,0,0,0,1,0,0,0,0,0,0,0,0,0,1
261,0,0,0,0,0,0,0,0,1,0,0,0,0,0,0,1,2,1,0,1,1,0,0,1,0,0,0,0,0,0,1,0,1,1,0,1,0,0,0,0,0,1,0,0,0,0,0,0,0,0,1
262,0,3,0,1,0,1,2,0,0,0,2,2,3,0,0,0,2,0,0,0,3,0,1,0,0,1,0,2,1,0,2,0,1,0,0,1,0,1,1,0,1,0,1,1,0,0,0,0,0,0,1
263,0,0,0,0,0,0,0,0,0,1,0,0,1,0,0,0,0,1,0,0,1,0,0,0,0,0,0,0,3,0,0,0,0,0,0,0,0,0,0,0,0,0,1,0,1,0,0,0,0,0,1
264,0,1,2,0,1,1,0,1,1,0,0,0,2,0,0,1,1,0,0,0,1,0,0,0,0,0,0,2,2,0,0,0,1,0,0,1,0,0,1,0,0,3,0,0,0,0,0,1,0,1,0
265,0,1,0,1,0,0,1,2,0,2,0,1,0,0,0,0,10,0,0,1,1,1,0,0,0,1,1,0,3,1,0,0,4,0,5,1,0,1,1,0,0,0,5,1,0,0,0,3,1,0,1
266,0,0,0,0,0,0,0,0,0,0,0,0,0,0,0,3,0,0,0,0,1,0,0,0,0,0,0,0,0,0,0,0,0,0,0,1,0,0,0,0,0,0,0,0,1,0,0,1,0,0,1
267,0,0,0,0,0,0,0,1,0,0,1,0,3,3,0,0,0,1,0,0,1,0,0,0,0,1,1,0,1,0,1,0,2,2,0,0,1,0,2,0,0,1,0,0,0,0,0,3,1,3,0
268,0,0,0,0,0,1,1,0,0,0,0,0,3,0,0,0,0,0,0,1,0,0,0,0,0,0,0,0,0,0,0,0,0,0,0,1,0,0,0,0,0,0,0,0,0,0,0,1,0,1,1
269,0,0,0,0,0,0,0,1,0,0,0,0,0,0,0,0,0,0,0,0,1,1,0,0,0,0,0,0,4,0,1,0,0,0,1,0,1,0,0,0,0,0,0,3,0,1,0,1,0,1,0
270,0,0,0,0,0,0,0,1,0,0,0,0,2,1,0,0,0,0,1,0,2,0,0,0,0,2,0,0,0,0,0,0,3,0,0,1,0,0,0,0,0,1,1,0,1,0,0,0,0,0,0
271,1,0,1,0,0,1,0,0,0,2,0,0,1,0,0,1,0,0,0,1,1,0,0,0,0,0,0,0,4,0,1,0,0,0,0,0,1,0,0,0,0,0,0,1,0,1,0,0,0,0,0
272,0,0,0,1,0,2,0,0,0,0,0,0,1,0,0,0,0,0,0,0,0,1,0,0,0,1,0,0,1,0,0,0,2,2,0,0,1,0,0,0,0,0,0,0,0,0,0,0,0,0,1
273,0,0,0,0,0,0,1,0,0,0,3,0,3,0,0,1,1,0,0,0,1,1,1,0,0,1,0,1,0,0,0,0,0,0,1,2,0,0,0,0,0,0,0,1,0,1,0,0,0,0,1
274,0,0,0,0,0,0,0,0,0,0,0,0,0,0,0,0,1,3,0,0,0,0,0,2,0,0,0,0,4,0,0,0,0,0,0,0,0,0,2,0,0,0,2,0,0,0,0,0,1,0,1
275,0,1,1,0,0,1,1,0,0,0,0,0,1,0,1,1,0,4,1,0,4,0,0,0,0,0,0,1,7,5,0,0,5,1,0,0,0,1,0,0,0,0,1,0,0,1,0,0,2,1,1
276,0,0,0,0,0,0,0,1,0,0,0,0,3,1,0,1,0,0,0,0,0,0,0,0,0,0,0,1,1,0,0,0,0,0,0,0,0,0,2,0,0,1,0,0,0,0,0,0,0,0,1
277,0,0,0,0,0,0,0,1,0,0,0,0,2,1,2,1,0,0,0,0,0,1,0,0,0,0,0,0,0,0,0,0,0,0,0,0,0,0,0,0,0,0,0,0,0,0,0,0,0,1,1
278,2,0,0,0,0,0,0,0,0,0,2,0,5,0,2,1,0,0,0,0,0,0,0,0,0,0,0,0,0,0,0,0,1,0,0,1,0,0,0,0,1,0,0,0,0,0,0,0,0,0,0
279,0,0,0,1,0,0,2,1,0,0,1,0,0,2,1,0,0,0,1,0,3,0,0,2,0,0,0,1,0,0,0,0,2,0,0,0,0,0,0,0,0,1,0,0,0,0,0,0,0,0,1
280,0,1,0,0,0,0,4,2,0,0,1,1,6,0,1,0,0,0,0,1,0,1,1,0,0,1,0,0,0,1,0,0,3,1,0,1,0,0,0,0,0,0,0,1,0,1,1,1,0,1,0
281,0,0,0,0,0,0,0,0,0,0,2,0,0,0,0,0,0,0,1,1,0,0,0,0,1,1,0,0,1,1,1,1,1,1,0,0,0,0,0,0,1,0,0,1,0,0,0,0,0,4,0
282,0,0,0,0,1,0,0,0,0,0,0,0,0,1,0,0,0,1,0,0,0,2,0,3,0,0,0,1,0,0,0,0,0,0,0,1,0,2,0,0,0,2,0,0,0,0,0,0,1,0,1
283,0,0,0,0,1,0,2,0,2,0,0,0,2,0,0,0,1,0,0,0,1,0,0,0,0,0,0,0,0,0,0,0,0,1,0,0,0,0,1,0,0,0,0,0,0,0,0,0,0,0,1
284,0,1,0,0,2,0,0,0,2,1,0,0,0,0,0,1,0,0,0,0,1,0,0,0,0,0,0,0,0,1,0,0,0,0,0,0,0,0,0,0,1,0,1,0,1,0,0,0,0,0,0
285,0,0,0,0,0,0,0,0,0,0,0,1,1,0,0,0,0,0,0,0,0,0,1,0,1,0,0,0,0,0,0,0,0,0,0,0,0,0,0,0,0,1,0,1,0,0,0,0,0,0,1
286,0,2,3,0,0,0,1,0,0,0,0,1,2,0,0,1,0,0,4,0,3,0,0,0,1,1,0,0,3,0,0,0,4,5,0,2,1,0,1,0,0,0,1,0,0,0,1,0,2,1,1
287,0,0,0,4,0,0,0,0,0,0,1,0,1,0,1,1,0,0,0,1,2,0,2,0,0,1,1,0,0,0,1,1,2,0,0,0,1,0,2,1,0,1,1,1,0,0,0,1,0,3,0
288,0,0,0,0,0,1,0,1,0,0,0,0,1,0,0,0,1,0,0,0,0,0,0,0,0,0,0,0,0,0,2,0,0,0,0,0,0,0,1,0,0,0,0,1,1,0,0,0,1,0,0
289,0,0,0,0,0,0,0,0,0,0,0,0,0,0,0,0,0,0,1,0,0,0,0,0,0,0,0,0,2,0,0,0,1,0,0,0,0,1,0,0,0,0,0,1,0,0,1,0,0,0,0
290,0,0,0,0,1,0,0,0,0,0,0,0,2,0,2,0,1,1,0,0,0,0,0,0,1,1,0,1,7,2,0,0,0,0,0,1,0,1,1,0,0,0,0,0,0,0,0,0,0,3,0
291,0,0,1,1,0,0,0,0,0,0,0,1,0,0,0,0,0,0,1,1,1,1,1,1,1,1,0,0,3,1,0,0,0,1,2,3,0,0,0,0,0,0,0,0,0,1,0,1,0,0,0
292,0,0,0,0,0,0,0,0,0,1,0,0,0,0,0,0,0,1,0,0,0,0,0,0,0,0,0,0,1,0,0,0,0,0,0,0,0,0,0,0,0,0,0,0,0,0,0,0,0,0,0
293,0,0,0,0,0,1,0,0,0,0,2,0,2,1,0,1,0,0,0,0,0,0,0,0,2,0,0,0,0,0,0,0,1,0,0,0,0,0,0,0,0,0,0,1,0,0,0,1,1,0,0
294,0,0,0,0,0,0,2,1,0,0,1,0,0,0,1,2,0,0,0,0,2,0,2,1,0,2,3,0,6,1,0,0,0,2,0,1,1,0,1,0,4,4,0,2,3,1,1,0,1,2,0
295,1,0,0,0,1,0,0,1,1,1,0,0,3,4,0,1,1,0,0,0,1,1,0,0,0,0,0,1,0,0,1,0,6,1,0,0,0,1,1,0,1,2,0,0,1,0,0,0,0,0,1
296,1,1,0,0,0,1,0,0,0,0,1,0,7,1,0,1,2,0,1,0,0,0,0,0,0,0,0,1,1,1,2,0,0,2,2,1,3,0,1,0,1,0,1,0,0,0,0,0,0,0,0
297,0,0,0,0,0,0,0,0,0,1,1,0,1,1,0,0,1,0,0,1,0,0,0,0,2,0,0,0,0,0,0,0,0,0,0,0,0,0,0,0,0,1,0,0,0,0,0,0,0,0,0
298,0,2,0,1,0,0,1,3,0,0,1,0,6,2,2,0,0,0,1,1,6,0,0,0,0,1,1,2,0,0,2,0,5,0,0,0,0,7,3,0,0,0,0,0,3,0,0,0,0,6,0
299,0,1,0,0,0,0,0,0,1,0,0,0,3,0,0,0,0,0,2,0,0,0,0,0,1,0,1,1,0,0,0,0,1,0,0,0,0,0,0,0,0,0,0,0,0,0,0,0,0,0,0
300,0,4,0,0,0,1,0,0,0,0,2,0,0,0,1,0,1,0,0,0,0,1,1,0,0,1,0,0,0,0,0,0,0,0,0,0,0,0,1,7,0,0,0,0,0,1,0,1,0,0,0
301,1,0,2,0,0,1,0,0,0,0,2,2,1,2,0,1,1,0,0,1,0,0,0,0,1,0,0,1,2,1,1,1,1,0,1,0,0,0,0,0,1,0,0,0,0,1,1,1,0,2,0
302,0,2,2,0,0,0,0,0,1,0,0,0,1,0,0,0,0,1,0,0,2,0,2,0,0,0,0,0,0,0,1,0,0,0,0,0,0,0,0,1,0,0,0,1,0,0,0,1,0,0,0
303,0,0,0,0,0,0,1,0,0,0,3,0,1,0,0,0,0,0,1,0,1,0,0,0,0,0,0,0,3,1,0,0,1,0,0,1,0,0,0,1,0,0,0,0,0,0,0,0,0,0,0
304,0,0,0,0,0,0,0,0,0,0,0,0,0,0,0,1,0,1,0,0,0,0,0,0,0,0,0,0,2,0,0,0,0,0,0,1,0,0,0,0,0,0,0,1,0,0,1,0,1,0,1
305,0,1,0,0,0,0,0,0,1,0,0,0,0,0,0,0,2,0,1,0,1,0,0,0,0,1,0,0,7,0,0,0,1,0,0,0,1,0,0,0,0,0,0,2,0,0,0,0,0,0,0
306,0,0,0,0,0,1,0,0,0,0,1,0,0,0,0,0,1,0,0,0,2,0,0,0,0,0,0,0,2,0,1,0,0,0,0,1,0,1,1,0,1,0,2,0,0,0,0,0,0,0,1
307,0,0,0,0,0,0,0,1,0,0,1,0,0,0,0,0,1,0,0,0,0,0,0,0,0,1,0,1,0,0,0,0,1,1,1,0,1,0,0,0,0,1,0,0,1,0,0,1,0,0,0
308,0,0,0,0,0,0,0,0,0,0,0,0,2,0,0,0,0,0,0,0,0,0,0,0,0,0,1,0,0,1,0,0,0,0,0,1,0,0,0,0,0,0,0,1,1,0,0,0,0,0,1
309,0,0,0,0,0,1,0,0,0,0,0,0,0,0,0,0,0,0,1,0,0,0,0,0,0,0,0,0,5,0,0,0,0,0,0,0,0,1,0,0,0,0,0,0,0,0,0,0,0,3,0
310,2,0,1,0,2,0,0,0,3,0,2,0,2,1,1,0,0,0,0,0,1,0,0,0,2,0,0,0,0,0,0,0,1,0,1,0,0,0,0,0,0,0,0,0,1,0,0,1,0,0,0
311,0,0,0,0,0,0,0,0,0,0,0,0,2,1,0,0,0,2,0,0,0,0,0,0,0,0,0,0,0,0,0,0,1,0,0,1,0,0,3,0,0,0,0,0,0,0,0,1,0,1,1
312,0,1,1,0,0,0,0,0,0,0,2,0,2,0,2,0,0,0,0,0,1,0,0,1,0,0,1,1,3,0,0,0,0,0,0,0,0,0,0,2,0,1,0,0,0,0,1,0,0,0,0
313,0,0,0,0,0,0,0,0,0,0,0,1,0,0,0,0,0,0,0,0,0,0,0,0,1,0,0,0,6,1,0,0,1,0,0,0,0,0,0,0,1,0,1,0,0,1,0,0,0,0,0
314,0,0,0,0,0,0,0,0,0,0,0,0,1,0,0,0,0,0,0,0,0,0,0,0,0,0,0,0,0,0,1,0,0,0,0,0,0,0,0,0,0,0,0,0,0,0,0,0,0,0,1
315,0,0,2,0,0,0,0,0,0,0,0,0,4,0,0,0,0,0,0,1,0,0,0,0,0,0,0,0,0,1,0,1,0,1,0,0,0,0,0,1,0,0,0,0,0,2,1,0,0,0,0
316,0,0,0,0,0,0,0,0,0,0,1,1,0,0,0,0,0,0,0,0,1,0,0,0,1,0,0,0,1,0,2,0,2,0,0,0,0,0,0,0,0,0,1,1,1,0,0,0,1,0,0
317,0,0,1,0,0,0,0,0,0,2,0,0,0,0,0,1,0,0,0,0,0,0,0,0,0,0,0,0,3,1,1,0,0,0,0,1,0,0,1,0,0,0,0,0,0,0,0,1,0,0,0
318,0,0,0,0,0,0,0,0,0,0,0,0,0,0,0,0,1,0,0,1,0,0,0,1,0,0,0,0,1,0,0,0,0,0,0,0,0,0,0,0,1,1,0,0,0,0,0,0,0,0,1
319,0,0,0,0,0,0,2,0,0,0,0,1,1,0,1,0,1,1,0,0,0,1,0,0,0,0,0,0,1,0,2,0,0,0,1,0,1,0,0,0,0,1,0,0,1,0,0,0,0,1,0
320,0,0,0,0,0,0,0,0,1,0,0,0,0,0,0,0,0,0,0,0,0,1,0,0,0,0,0,0,3,1,0,0,0,1,0,2,0,0,0,0,0,0,0,0,0,0,1,1,0,0,1
321,0,0,0,0,0,0,1,0,0,0,0,1,0,0,0,0,0,0,0,0,0,0,0,0,0,0,0,0,0,0,0,0,0,0,0,0,0,0,0,3,0,0,0,0,0,1,0,0,0,0,0
322,1,0,0,0,0,0,0,1,0,0,1,0,3,0,0,1,0,0,0,0,0,0,0,0,0,0,0,0,0,0,0,1,0,0,0,0,0,0,0,0,0,1,0,3,0,0,0,0,0,0,0
323,0,0,0,0,0,0,0,0,1,0,1,0,2,0,0,0,1,0,0,0,0,0,0,0,0,2,0,0,2,0,0,0,0,1,0,0,0,0,2,0,0,2,0,0,0,1,0,0,0,0,0
324,0,2,0,0,0,0,0,1,1,0,0,0,0,0,0,1,1,0,0,0,2,0,1,0,0,0,0,1,0,0,0,0,2,0,0,0,0,0,1,2,0,3,0,1,1,0,0,0,0,0,1
325,1,0,0,0,0,1,0,0,1,0,5,2,1,1,1,0,2,1,2,1,4,0,0,0,0,0,0,0,7,2,0,0,0,1,1,2,0,0,1,0,0,0,0,2,0,1,1,0,1,1,0
326,1,0,0,0,0,1,0,0,0,0,0,0,0,0,1,0,2,1,0,0,1,0,0,0,0,1,0,2,5,0,1,1,0,0,0,2,1,0,0,0,0,0,0,0,0,0,0,1,0,0,1
327,0,0,2,0,0,0,2,2,0,0,0,0,1,0,0,1,1,0,1,0,1,0,0,0,0,0,0,0,3,0,0,1,0,0,1,1,0,0,1,0,1,0,0,3,0,0,0,0,0,1,0
328,0,0,0,0,0,2,0,0,0,0,0,0,0,0,0,0,1,0,0,1,0,0,0,0,0,1,0,0,1,0,0,0,0,0,0,0,0,0,0,0,0,0,0,0,0,0,0,0,0,0,1
329,0,0,0,0,1,1,1,0,1,0,0,0,0,0,0,0,0,0,1,1,0,2,0,0,0,1,0,0,2,0,0,0,0,0,0,0,0,0,1,0,0,0,1,0,0,0,0,0,0,0,0
330,0,0,0,2,0,0,0,0,0,0,0,0,0,0,1,0,0,1,0,0,0,0,0,0,1,0,0,0,2,0,0,0,2,0,0,0,0,0,0,0,0,0,0,0,0,0,0,0,0,0,1
331,1,0,1,1,2,1,0,0,3,2,2,2,0,0,1,4,1,0,1,0,4,3,0,0,2,2,2,0,7,2,1,0,5,2,0,2,0,2,0,2,0,0,0,1,0,0,0,1,1,2,0
332,0,0,1,0,0,0,0,0,0,0,0,0,0,0,0,0,0,2,0,0,1,1,0,0,0,0,0,0,3,0,0,0,2,0,2,1,0,0,0,0,0,0,0,1,0,0,0,0,0,3,0
333,0,0,0,0,0,0,0,1,1,0,0,0,0,0,1,0,0,0,0,0,0,1,0,0,0,0,0,1,0,0,1,0,1,0,0,0,0,0,0,0,0,0,0,1,1,0,0,0,0,0,0
334,0,0,0,0,0,1,0,0,0,0,0,4,4,2,2,1,1,0,0,0,1,1,0,0,1,0,0,0,1,0,0,0,0,0,1,0,0,1,0,0,0,0,0,1,0,2,0,1,0,2,0
335,1,1,0,0,1,2,0,0,1,0,0,2,3,0,0,0,0,0,0,0,0,0,0,0,1,0,0,0,1,0,0,0,0,0,2,0,1,0,2,0,1,0,1,2,0,2,1,1,3,1,0
336,0,0,0,0,0,0,0,0,0,0,0,0,0,0,0,0,0,0,0,0,0,0,0,0,0,0,0,0,1,1,0,0,1,0,0,1,0,0,0,0,0,0,0,0,0,0,0,0,0,0,0
337,0,1,0,0,0,0,0,0,0,0,2,0,7,1,0,0,0,0,0,1,1,0,1,1,0,0,0,2,3,0,1,0,0,1,0,0,0,0,2,1,1,0,0,0,0,0,0,0,1,0,0
338,0,0,0,0,0,0,0,1,0,0,0,0,0,0,0,0,0,0,0,0,1,0,0,0,0,0,0,0,5,0,0,0,0,0,0,0,0,0,1,0,0,1,1,0,0,1,0,2,0,0,0
339,0,0,0,0,0,0,0,0,1,0,0,0,2,0,0,0,0,0,1,0,2,1,0,0,0,0,0,0,0,0,0,0,0,0,0,0,0,0,2,0,0,0,0,0,1,0,0,0,0,2,0
340,1,0,0,0,0,1,0,1,0,0,2,0,6,0,0,1,0,0,0,1,0,0,0,0,1,1,0,0,0,0,0,0,1,1,0,1,0,0,2,0,1,0,0,1,0,2,1,0,0,2,1
341,0,1,2,0,0,0,0,0,2,1,0,0,0,2,0,0,0,0,0,0,2,0,0,0,0,1,0,1,2,4,0,0,1,0,0,2,1,0,2,0,0,0,0,0,0,0,0,0,3,0,0
342,0,0,0,0,0,0,1,0,0,0,0,0,0,0,2,0,1,0,0,0,0,1,0,1,1,0,0,0,3,0,1,0,0,0,0,0,0,0,1,0,0,0,0,2,0,1,0,0,1,1,1
343,1,0,0,1,0,0,1,0,0,0,0,0,2,1,1,0,0,2,0,1,1,0,0,0,1,0,0,3,1,1,1,2,2,1,0,1,0,2,1,1,1,2,2,0,0,1,0,0,0,0,1
344,0,0,0,0,1,0,0,0,1,0,2,0,0,0,0,0,0,0,0,0,0,0,0,0,0,0,0,1,0,0,0,0,0,0,0,0,0,0,0,0,1,0,0,0,0,0,0,0,0,0,1
345,0,0,0,0,0,0,1,0,0,0,1,0,0,0,0,0,1,0,0,0,1,0,0,0,0,0,0,0,4,0,0,1,0,1,0,1,0,0,0,0,0,0,1,1,0,1,0,0,0,1,0
346,0,0,0,0,1,0,0,1,0,0,0,0,2,1,0,0,1,0,1,0,4,0,1,0,0,0,0,0,7,0,1,0,2,0,2,0,0,0,0,0,0,0,1,1,0,0,0,2,0,0,1
347,0,0,0,0,1,0,0,0,0,0,0,0,1,0,1,0,2,0,0,0,0,0,0,0,0,0,1,3,1,0,2,1,3,1,0,0,0,0,2,0,0,0,0,1,0,2,0,2,0,2,0
348,0,0,0,0,0,0,0,0,0,0,0,0,0,0,1,0,2,0,0,0,0,1,0,0,0,1,0,0,3,0,1,0,0,0,0,0,0,0,2,0,1,0,2,1,0,0,0,0,0,0,1
349,0,0,0,0,0,0,0,0,0,0,0,0,5,0,1,0,0,0,0,3,2,1,0,1,0,0,1,1,0,0,0,1,0,2,0,0,0,0,0,0,1,3,0,0,1,1,1,0,0,0,1
350,0,1,0,2,0,0,0,0,0,0,0,0,4,0,0,0,2,2,0,0,1,0,0,0,0,0,0,0,2,1,3,0,2,0,0,0,1,0,0,0,0,1,0,0,0,1,1,0,0,1,1
351,0,0,2,0,0,0,0,1,0,0,2,0,0,0,0,0,1,0,1,0,0,0,0,0,0,0,0,1,5,0,0,0,0,0,0,0,0,0,0,0,0,0,0,0,0,1,0,0,0,3,0
352,0,0,0,0,0,0,0,0,1,0,0,0,0,0,1,0,0,0,0,0,0,0,1,0,0,0,0,0,0,0,0,0,0,0,0,0,0,0,1,0,0,0,0,0,0,0,1,0,0,0,0
353,0,0,2,0,1,0,0,0,0,0,0,0,0,0,0,0,1,0,1,0,1,0,0,0,0,0,0,0,2,0,0,0,1,0,0,2,0,0,0,0,0,0,0,0,0,0,0,0,2,1,0
354,1,0,0,0,0,0,0,0,0,0,0,1,0,0,0,0,0,0,0,0,0,1,0,0,0,0,0,0,2,0,0,0,0,0,0,0,0,0,2,0,0,1,0,1,0,0,2,0,0,0,0
355,0,0,0,1,1,0,1,1,1,0,0,1,2,0,0,0,0,0,0,0,1,1,0,0,0,1,0,0,2,1,0,0,0,0,0,2,0,0,2,0,0,0,0,0,2,1,0,0,0,1,0
356,0,0,0,0,1,0,0,0,0,0,0,0,1,0,0,1,1,0,0,0,0,0,0,0,1,0,0,0,0,0,1,0,2,2,0,2,0,0,2,0,2,1,0,0,1,0,0,0,4,0,1
357,0,0,0,0,0,0,0,0,0,0,0,0,0,0,0,1,1,0,0,0,0,0,0,0,0,0,0,0,0,0,0,0,0,1,0,1,0,0,0,0,0,0,0,1,0,0,1,0,1,1,1
358,0,0,0,1,0,0,0,0,0,0,0,0,0,0,1,0,0,0,0,0,1,0,0,0,0,0,0,0,0,0,0,1,1,0,0,1,0,0,0,0,1,0,0,1,1,1,1,0,0,1,1
359,3,0,2,0,0,0,1,3,1,0,1,0,0,0,1,0,2,0,0,0,3,1,0,0,0,0,0,0,10,1,1,0,0,0,0,0,0,0,1,0,0,1,0,1,0,1,2,2,3,4,1
360,0,0,0,0,2,0,0,0,0,0,0,0,3,2,0,0,0,1,0,1,2,0,0,0,2,0,0,0,1,0,2,2,2,0,0,0,0,0,1,0,1,1,1,0,0,0,0,0,0,4,1
361,1,0,1,0,1,1,0,0,0,3,1,0,2,0,0,1,3,0,1,1,3,0,0,1,0,1,2,0,4,1,1,1,3,0,0,0,0,0,0,0,0,2,0,1,0,1,0,4,1,0,1
362,1,1,0,0,0,1,0,3,1,0,1,0,2,0,2,2,5,2,2,0,6,0,1,0,0,3,2,1,2,0,3,1,2,1,1,1,0,0,0,0,1,1,0,1,1,0,0,3,2,2,1
363,0,0,0,1,1,0,1,0,0,0,0,0,1,0,1,0,1,0,0,0,0,0,0,0,0,0,0,0,4,0,1,0,1,0,0,0,0,0,0,1,1,0,0,0,0,0,0,0,1,0,1
364,0,0,0,0,0,0,0,0,0,0,0,0,0,0,0,0,0,0,0,0,0,0,1,0,0,0,0,0,0,0,0,0,1,1,0,0,0,0,0,0,0,0,0,0,0,0,0,0,0,0,1
365,0,0,0,1,0,0,3,4,0,1,5,0,10,1,0,0,1,2,0,0,2,3,1,2,0,1,0,0,0,0,3,0,3,0,0,2,0,1,0,0,0,0,0,1,0,0,1,1,0,3,1
366,0,1,0,0,0,0,0,0,0,1,1,0,0,0,1,1,0,1,1,0,2,0,0,0,0,0,0,0,0,0,0,0,1,0,0,1,0,1,0,0,1,0,0,0,0,0,0,0,1,0,1
367,0,0,0,0,0,0,0,0,0,0,0,0,3,0,2,0,0,0,0,0,0,1,0,0,0,0,1,0,0,1,1,0,1,0,1,0,0,1,1,0,1,0,0,2,0,0,0,0,0,2,1
368,1,0,0,0,0,0,0,0,0,0,1,0,0,0,1,0,0,0,0,0,4,0,0,0,0,1,0,0,4,6,0,1,2,2,0,0,1,0,2,0,0,0,0,2,0,0,0,0,0,2,0
369,0,0,0,0,0,0,0,0,0,0,0,0,0,2,0,0,0,0,0,0,0,0,0,0,0,0,0,0,0,0,0,0,2,0,0,0,0,0,0,0,0,0,0,0,0,1,0,0,0,0,1
370,0,0,0,1,0,0,2,0,0,0,0,0,0,0,0,0,0,0,0,0,0,0,0,0,0,0,0,0,0,0,0,0,0,0,0,0,0,0,2,0,0,1,1,1,0,0,0,0,0,0,1
371,1,0,0,0,0,2,1,0,0,1,0,0,0,1,0,2,1,0,1,0,0,0,0,0,0,1,1,2,3,0,2,0,1,1,0,0,0,0,0,0,0,0,0,0,0,0,1,0,0,0,0
372,0,0,1,0,0,0,1,1,1,0,1,0,3,0,1,1,0,0,0,0,0,0,0,0,1,0,0,0,0,0,0,0,0,0,0,0,0,0,1,0,0,1,0,0,0,0,1,0,0,0,0
373,0,0,0,0,0,0,0,0,0,0,0,0,0,0,0,1,0,0,0,0,0,0,0,0,0,0,0,0,0,0,1,0,0,0,0,0,1,1,0,0,0,0,0,0,0,0,0,0,0,0,0
374,0,1,0,0,0,1,0,0,0,0,0,0,0,0,0,0,0,0,0,0,0,0,0,0,0,0,0,0,2,0,0,0,0,0,2,1,1,0,0,0,0,0,1,1,0,0,0,0,0,0,0
375,0,0,0,0,0,0,0,0,0,0,0,0,1,0,0,0,1,0,0,0,0,0,0,1,0,0,0,0,2,0,0,0,1,1,0,1,0,0,1,0,2,0,0,2,0,0,0,0,0,0,1
376,1,5,0,0,0,1,2,5,1,3,0,0,1,0,0,3,1,1,1,0,4,1,1,2,2,1,0,0,2,0,2,0,2,1,0,5,2,1,0,0,4,6,1,1,1,1,2,1,1,1,0
377,0,0,1,0,1,1,0,0,0,0,0,0,0,0,1,0,0,0,0,0,1,0,0,0,2,1,0,0,3,1,1,0,1,0,0,0,0,0,0,0,0,0,1,0,0,0,1,0,0,0,1
378,0,0,0,0,1,0,0,0,1,0,0,0,2,0,0,0,1,0,0,0,0,0,0,0,0,1,0,0,4,0,1,0,0,0,0,0,0,0,0,0,0,1,0,1,0,0,0,0,0,1,1
379,1,1,0,0,0,0,0,0,1,0,1,0,1,0,1,0,2,0,0,0,1,0,0,0,0,0,0,1,1,1,0,0,2,0,0,0,0,0,0,0,0,0,0,1,1,0,0,1,0,0,0
380,0,0,1,0,0,0,0,2,2,1,0,0,2,0,0,0,1,0,0,0,1,1,0,0,1,0,0,0,0,1,0,0,0,1,2,0,1,1,0,0,0,0,2,0,1,0,0,0,0,3,1
381,0,0,0,0,0,0,0,0,2,0,1,0,0,0,0,1,0,0,1,0,1,0,0,0,1,1,0,0,6,0,0,0,1,1,0,0,0,2,1,0,0,0,0,1,0,0,0,1,0,0,0
382,1,1,0,0,1,0,0,1,0,0,0,0,2,0,0,0,0,0,0,0,0,0,0,0,1,1,0,0,2,0,0,0,0,0,0,1,1,0,0,0,0,0,0,2,1,1,0,0,0,3,1
383,0,0,1,0,0,1,0,0,0,0,0,0,0,0,0,1,0,0,0,0,1,0,1,0,0,0,0,0,0,0,1,0,0,0,0,0,0,0,0,0,0,0,0,0,0,0,0,0,1,0,0
384,0,2,0,0,0,0,0,0,1,0,0,0,1,0,0,0,1,0,0,0,0,0,0,0,0,0,0,0,0,0,1,0,0,0,0,0,0,1,0,1,1,0,0,0,0,2,0,0,0,0,1
385,0,0,0,0,0,0,0,0,0,0,0,0,0,0,0,0,0,1,0,0,0,0,0,1,1,0,0,0,1,0,0,0,0,0,0,0,0,0,0,0,0,0,1,0,0,0,0,0,1,0,1
386,0,2,0,1,1,1,0,0,2,0,0,2,1,0,0,0,0,1,0,0,2,0,0,0,1,0,2,0,2,0,0,0,2,0,0,0,0,0,1,0,0,0,0,0,0,0,0,0,0,0,1
387,0,1,1,0,1,0,0,0,1,0,0,0,2,0,0,0,0,0,0,0,5,0,0,0,1,0,2,0,0,0,0,0,0,0,0,1,0,0,0,0,0,1,0,0,0,0,0,0,0,0,0
388,1,0,0,0,0,0,0,0,0,0,1,0,1,1,0,1,0,0,0,0,1,1,0,0,0,0,0,0,2,0,0,0,3,0,0,0,0,0,1,0,0,0,0,1,1,1,0,0,0,0,0
389,1,0,0,0,0,0,0,0,0,0,1,0,0,0,0,0,0,0,0,1,1,0,0,0,0,0,0,0,2,0,0,0,0,1,1,1,1,0,0,0,0,0,0,0,0,0,1,0,0,1,0
390,1,0,0,0,0,1,0,1,1,0,0,0,0,0,0,0,1,0,1,0,1,1,0,0,0,0,0,0,2,0,0,0,1,0,1,0,0,0,1,0,1,0,0,0,0,0,0,0,0,0,1
391,1,0,0,0,0,0,0,0,1,0,1,0,3,0,0,1,0,2,1,1,2,2,0,0,0,1,0,1,1,0,0,0,0,1,0,1,1,1,1,3,0,1,0,2,0,2,1,2,1,0,1
392,0,0,0,1,0,0,0,0,1,0,2,0,3,0,0,0,1,1,0,0,0,0,0,1,1,1,1,0,1,0,0,1,2,0,0,0,0,0,1,0,0,0,0,0,1,0,0,2,0,0,1
393,0,0,0,0,0,0,0,1,1,0,0,0,3,0,0,1,0,0,0,0,0,1,0,0,0,0,0,1,0,0,0,0,0,0,0,0,0,0,0,0,0,0,0,0,1,0,1,1,0,0,0
394,0,0,1,0,0,0,0,0,3,0,0,0,0,0,0,0,0,0,0,0,3,0,1,0,0,0,0,0,6,1,0,0,0,1,0,0,0,0,0,0,0,1,0,0,0,0,0,0,0,1,0
395,0,0,0,0,0,0,0,0,0,0,0,0,4,0,0,0,0,0,0,2,0,0,0,2,0,0,0,0,0,0,0,0,1,0,0,0,0,0,2,0,0,0,1,0,0,0,0,0,0,0,1
396,0,0,1,0,0,0,0,0,1,0,2,0,5,0,0,1,0,1,0,0,0,1,0,0,1,1,0,1,1,0,1,1,2,0,1,1,0,0,0,0,0,1,1,0,1,0,0,0,1,0,1
397,0,1,0,0,0,0,3,1,0,0,1,0,0,0,0,0,0,0,0,0,0,0,0,0,0,0,0,1,0,0,0,0,0,0,0,0,0,0,0,0,0,4,0,0,0,0,0,0,0,0,1
398,0,0,1,0,0,0,0,0,0,0,0,0,0,0,0,0,0,0,0,0,0,0,0,0,0,0,1,0,0,0,0,0,0,0,0,0,0,0,0,0,0,0,0,0,0,0,0,0,0,1,0
399,0,0,0,0,0,0,0,1,0,0,1,0,0,0,0,0,1,0,0,0,0,1,0,0,0,0,0,0,1,0,1,2,1,0,1,0,0,0,0,0,0,2,1,1,0,0,0,0,1,1,0
400,0,2,0,2,0,1,0,0,0,0,0,0,0,0,3,0,0,1,0,0,0,1,0,0,1,1,0,0,0,0,0,1,3,1,0,2,0,0,2,0,0,0,0,0,0,0,0,0,0,1,1
401,0,1,0,0,1,0,0,0,0,0,2,1,3,2,0,0,0,0,1,0,0,0,0,0,0,0,0,0,0,0,1,0,0,0,3,0,0,0,0,0,1,0,0,0,0,0,0,0,2,1,1
402,1,0,1,0,0,0,0,0,1,1,3,0,2,0,0,1,0,0,0,0,1,1,0,0,1,0,0,0,1,0,0,0,3,0,1,0,0,0,0,0,0,1,0,2,0,0,1,0,1,2,0
403,0,0,1,1,1,0,0,0,1,0,2,1,1,0,0,0,0,0,1,1,0,0,0,0,1,0,0,0,1,0,1,0,0,0,0,1,0,0,0,0,0,0,0,1,0,0,0,0,1,2,0
404,0,0,0,0,0,0,0,0,0,0,0,0,0,0,0,0,0,0,0,0,0,0,0,3,0,0,0,0,0,0,1,0,0,0,0,0,0,0,1,0,0,1,0,0,0,0,0,0,0,0,1
405,0,1,0,0,0,0,2,0,0,0,0,0,3,1,2,2,2,4,0,0,0,1,0,1,0,0,0,0,4,0,0,0,2,0,0,1,0,3,0,0,0,0,0,0,1,0,0,0,2,0,0
406,0,0,0,0,0,3,5,2,0,1,2,0,10,2,0,0,0,1,1,0,5,0,3,0,0,2,0,0,0,0,0,0,1,0,0,0,0,1,0,0,1,1,0,2,0,2,0,1,0,1,0
407,0,1,2,0,0,1,0,1,0,0,0,1,5,0,0,0,0,2,2,0,1,0,0,0,1,0,0,0,0,0,0,0,2,1,0,1,0,1,1,0,0,0,0,1,0,0,0,1,0,0,0
408,0,0,0,0,0,0,2,0,0,0,4,1,3,1,0,1,2,3,2,0,3,1,0,1,0,2,1,0,0,0,1,2,3,0,0,3,0,2,2,0,0,0,0,0,0,0,0,1,0,1,1
409,0,0,0,0,0,0,0,0,0,0,1,0,0,0,1,0,0,1,0,0,0,0,0,0,0,0,0,0,1,0,1,0,0,0,0,0,0,0,0,0,0,0,0,0,0,0,0,0,0,0,1
410,0,0,1,0,0,0,0,0,0,0,2,0,0,0,0,0,0,1,0,0,0,0,0,0,1,1,0,0,3,0,0,0,0,0,0,0,0,0,0,0,0,1,0,0,0,0,0,1,0,1,0
411,0,0,0,0,0,0,0,1,1,0,0,0,2,1,0,1,1,0,0,0,1,1,0,0,1,0,0,0,0,0,0,0,1,0,0,0,0,0,1,0,0,0,0,0,0,0,0,0,0,0,1
412,1,0,2,0,1,0,0,0,0,1,0,0,1,0,1,0,1,0,0,0,2,0,0,0,0,0,0,0,4,0,0,0,1,0,0,0,0,0,2,0,0,0,0,0,0,1,1,2,0,0,0
413,0,0,0,0,1,0,0,1,0,0,0,0,0,0,0,0,0,1,0,0,1,0,0,1,0,0,0,0,3,1,2,0,0,0,0,0,1,0,0,0,0,0,0,1,1,0,0,1,1,1,0
414,0,1,0,2,0,2,1,0,1,0,3,3,4,1,1,2,1,0,0,0,1,0,0,1,0,1,3,1,0,2,2,1,1,0,0,0,0,0,2,0,0,1,0,3,0,0,0,1,1,0,1
415,0,0,0,0,0,0,0,0,0,0,1,0,0,0,0,0,1,0,0,0,3,0,0,0,0,0,0,0,0,0,0,1,1,0,0,1,0,0,0,0,0,0,0,0,0,0,0,0,0,0,0
416,0,0,0,0,0,0,0,0,0,1,1,0,0,1,0,0,0,0,0,0,0,0,0,0,0,0,0,0,0,0,0,0,2,0,0,0,0,0,0,1,0,0,0,1,0,0,0,0,0,0,0
417,0,1,0,0,0,0,0,0,0,0,0,0,1,0,0,0,0,1,0,0,0,0,0,0,0,0,1,0,1,0,0,0,1,0,0,0,0,1,0,0,0,0,1,0,0,0,0,1,0,0,0
418,0,0,0,0,2,1,0,0,1,0,0,3,0,0,0,0,0,1,0,0,0,0,0,0,2,1,0,0,3,1,0,0,0,1,0,0,1,0,0,0,0,1,0,2,0,0,1,0,0,2,0
419,0,0,0,0,0,0,0,0,0,0,0,0,0,0,0,0,0,1,0,0,0,0,0,0,0,0,0,0,1,0,0,1,0,0,1,0,0,0,0,0,0,0,0,0,0,0,0,1,0,0,0
420,0,0,0,0,0,0,0,0,0,1,0,0,1,1,0,1,2,0,0,0,1,0,0,1,0,0,1,1,1,0,3,0,1,0,0,1,1,1,1,0,0,0,0,0,0,0,0,0,0,0,0
421,0,0,0,0,0,0,0,0,0,4,0,0,0,0,0,0,0,0,0,0,0,0,0,1,2,1,2,0,0,1,0,0,0,0,0,0,0,0,0,0,1,1,1,0,0,1,0,0,0,0,1
422,1,0,2,0,0,0,0,1,0,0,0,0,0,0,0,0,1,1,0,0,1,0,0,0,0,0,0,0,1,0,0,0,0,0,0,1,0,0,0,0,0,1,0,0,0,0,0,0,0,0,0
423,0,0,0,0,0,0,0,0,1,2,0,0,0,0,0,0,2,1,2,0,0,0,0,0,1,1,0,0,4,0,0,0,0,0,0,2,2,0,0,0,2,1,1,0,0,0,0,0,0,0,1
424,0,0,1,0,1,2,0,1,3,3,2,0,0,0,0,2,0,1,2,0,3,0,0,0,0,0,0,0,1,0,0,0,1,0,0,0,0,0,1,0,1,1,1,0,0,0,0,0,0,0,1
425,1,0,0,0,0,1,0,1,1,0,1,0,8,1,0,0,0,0,0,2,0,1,0,0,0,1,0,0,3,0,0,0,0,1,1,0,0,0,0,0,0,0,0,0,1,0,0,2,2,1,1
426,1,0,0,0,0,1,0,0,0,1,0,1,0,0,1,0,1,1,0,0,1,0,0,0,0,0,0,0,6,0,0,1,3,0,1,0,0,0,1,0,0,0,0,1,0,1,0,0,0,2,0
427,0,0,0,0,1,0,1,2,0,1,3,0,3,0,0,2,0,0,1,0,0,0,1,1,0,0,1,0,0,0,2,0,1,1,0,1,0,0,0,0,0,1,0,0,0,0,0,1,0,4,0
428,0,3,0,0,0,0,1,1,1,0,0,0,0,0,1,0,1,0,0,0,1,0,0,0,1,0,0,0,3,0,0,0,0,3,0,0,0,0,0,1,0,1,0,0,2,0,0,1,1,0,1
429,0,0,0,4,3,1,0,0,0,1,3,0,4,0,0,3,2,1,1,0,2,1,0,0,0,1,0,1,0,0,5,0,1,0,0,0,0,0,1,0,0,0,1,0,0,0,1,1,1,0,0
430,0,0,0,0,0,0,0,0,0,0,0,0,0,0,0,0,0,0,0,0,0,0,0,0,1,0,1,1,1,0,0,0,0,0,0,0,0,0,0,0,0,0,1,0,0,1,0,0,0,0,0
431,1,0,0,0,0,0,0,0,0,0,1,0,0,1,0,1,3,1,0,0,0,1,0,0,0,0,0,0,0,0,1,1,4,0,0,0,0,0,0,0,0,1,0,1,0,0,0,1,0,1,1
432,0,0,0,0,1,0,0,0,1,0,1,0,0,0,0,0,0,0,0,0,2,1,1,0,0,1,0,0,1,0,0,2,1,0,2,0,0,0,1,0,0,0,0,0,1,0,1,1,1,1,0
433,0,1,0,0,0,0,0,0,0,0,0,0,2,1,0,0,0,0,0,0,1,0,0,0,0,0,1,0,1,0,0,0,2,0,0,0,0,0,0,0,0,0,0,0,0,0,0,0,0,0,1
434,1,0,2,0,0,0,0,0,1,0,1,0,0,0,0,0,0,0,0,1,2,0,0,0,0,0,0,0,3,0,0,0,0,0,3,0,0,0,0,0,0,0,0,0,0,1,0,0,0,0,0
435,1,0,0,0,0,1,0,0,0,0,0,0,1,0,0,1,0,0,0,0,0,0,0,0,0,0,0,0,0,0,1,1,0,0,0,0,0,0,0,0,0,0,0,1,0,0,0,0,0,0,0
436,0,0,1,0,2,0,0,0,0,0,1,0,4,0,0,0,0,0,0,0,1,0,0,1,1,0,0,0,1,0,1,0,1,0,0,0,0,1,0,0,0,0,0,0,0,0,0,0,0,0,0
437,0,0,2,2,0,0,0,0,1,0,0,0,2,0,0,2,1,0,0,0,1,0,0,0,0,3,1,1,3,1,1,0,0,0,0,0,1,0,1,0,0,1,1,0,0,0,0,0,0,2,0
438,0,0,0,1,0,0,0,0,0,0,0,2,0,0,1,0,0,0,1,0,1,0,0,0,0,0,0,2,6,0,0,0,1,0,0,0,0,0,1,1,0,1,0,0,1,0,0,0,1,0,1
439,0,1,0,0,0,0,0,0,0,1,1,1,0,1,0,1,1,0,1,2,0,2,0,0,0,2,1,0,1,0,2,0,2,1,2,0,1,1,1,0,0,1,0,0,1,0,0,0,1,0,1
440,1,1,0,0,2,1,0,4,0,2,0,0,4,0,1,0,0,0,1,0,3,1,0,0,0,0,0,0,1,1,2,1,2,0,1,2,1,1,3,0,0,1,1,2,2,1,1,1,1,3,0
441,0,0,0,0,1,0,0,0,1,0,0,0,1,0,0,0,0,0,0,0,0,0,0,0,0,0,0,0,0,0,0,0,1,0,0,0,0,0,0,0,0,0,0,0,0,0,0,0,0,0,1
442,1,0,1,0,0,0,0,0,1,0,0,1,5,1,0,0,0,0,1,0,4,0,2,1,1,1,3,1,1,0,1,0,5,0,1,0,0,1,2,0,0,2,0,2,0,0,0,1,0,1,0
443,0,0,1,0,1,1,0,0,0,0,2,0,1,0,0,0,2,0,0,2,1,1,0,0,0,0,0,0,0,0,0,0,3,0,0,0,0,0,0,0,0,0,0,2,0,0,0,0,1,0,0
444,0,1,0,1,0,1,0,0,0,1,2,0,1,0,2,1,0,1,1,0,0,2,0,0,0,0,0,1,3,0,0,0,0,0,1,1,1,0,2,0,0,0,0,1,0,0,0,0,0,0,0
445,0,3,0,1,0,0,0,0,0,0,0,1,5,2,1,0,0,0,1,0,3,0,0,0,0,0,0,1,0,0,0,0,2,0,1,1,0,1,1,1,0,0,1,2,2,0,1,0,0,0,1
446,1,0,0,0,0,0,0,0,1,0,1,0,0,0,0,0,0,0,0,0,0,1,0,0,0,1,0,0,3,1,0,0,0,0,0,0,1,0,0,0,0,0,0,0,0,1,0,0,0,0,0
447,0,1,0,1,0,0,0,0,1,0,0,0,0,0,0,0,0,0,0,0,0,0,0,0,0,0,0,0,0,0,0,0,0,0,1,0,0,0,0,0,1,0,0,0,0,0,0,1,0,0,0
448,0,1,0,0,0,1,1,0,1,0,0,0,0,0,0,0,0,0,0,0,0,0,0,0,1,0,1,0,3,0,0,0,0,1,1,0,0,1,0,0,0,0,1,0,1,0,0,0,0,0,0
449,0,0,2,0,0,1,0,0,0,1,0,0,2,1,2,0,0,0,0,0,0,0,0,0,0,0,0,1,3,0,0,1,1,0,0,0,0,0,0,0,1,0,1,1,0,0,0,0,0,0,1
450,0,0,0,0,0,0,0,1,1,0,1,0,1,0,1,2,0,0,0,0,0,0,0,0,0,0,0,0,0,0,0,0,1,0,0,1,0,0,0,0,0,0,0,1,0,1,0,0,0,0,1
451,1,0,0,0,0,0,0,0,0,1,0,0,1,0,0,0,0,2,1,0,0,1,0,0,1,0,0,0,5,0,0,0,0,0,0,2,0,0,0,0,0,2,0,0,0,0,1,0,1,0,0
452,0,0,0,0,3,3,0,1,0,2,4,0,2,0,0,1,3,0,4,2,4,0,3,0,0,1,2,0,2,0,1,0,2,2,1,1,0,2,1,0,0,0,1,1,2,0,1,2,2,4,0
453,0,0,0,0,0,0,1,1,0,0,0,1,2,0,0,0,0,0,0,0,0,0,0,0,0,0,0,0,0,0,0,0,2,0,0,1,0,0,0,0,0,0,0,0,0,0,0,0,0,0,1
454,1,0,0,0,0,0,0,0,0,0,0,0,4,3,0,1,0,0,2,0,0,2,1,0,1,1,0,0,2,0,0,1,2,0,0,0,0,0,0,0,0,0,0,0,0,2,2,0,0,2,1
455,0,0,0,0,0,0,0,0,0,0,0,0,1,0,0,0,0,0,0,0,0,0,0,1,0,0,0,0,2,1,0,0,0,0,0,0,1,0,0,1,0,0,0,1,0,0,0,1,0,2,1
456,0,1,0,0,0,0,0,0,0,0,0,0,0,0,0,0,0,1,0,0,0,0,0,0,1,1,0,0,3,0,0,0,0,0,0,0,0,1,1,0,0,0,0,0,0,1,0,0,0,0,1
457,0,0,0,0,0,0,0,0,1,0,0,1,2,0,0,0,0,0,0,0,1,0,0,0,1,0,0,2,0,0,0,0,2,0,0,0,0,0,0,0,0,0,0,3,1,2,0,1,0,0,0
458,1,0,2,0,0,2,0,0,1,0,0,0,2,2,0,0,0,0,0,0,1,0,0,0,0,2,1,0,4,0,0,1,0,1,2,1,1,0,1,0,2,0,0,1,0,0,0,0,2,4,0
459,0,0,1,0,0,0,0,0,0,0,0,0,1,0,0,0,0,0,0,0,1,2,0,0,1,0,0,0,0,0,0,0,0,0,0,0,0,0,1,0,0,1,0,0,0,1,0,0,0,0,1
460,0,0,0,0,0,0,0,0,0,0,0,0,1,0,0,0,0,0,0,0,1,1,0,0,0,0,0,0,0,0,0,0,0,0,0,0,0,0,0,0,0,2,1,0,0,0,1,0,0,0,0
461,0,1,0,0,2,1,0,0,1,0,2,0,2,2,0,1,1,1,1,0,3,0,0,0,1,2,0,1,13,0,0,0,1,3,0,0,1,0,0,0,0,0,0,3,0,0,0,0,0,0,0
462,0,0,0,0,0,0,0,0,1,0,0,0,0,0,0,0,0,1,0,0,0,0,1,0,1,0,0,0,2,0,0,0,1,0,0,0,0,0,0,0,0,0,0,0,1,0,0,0,0,0,1
463,0,0,0,0,0,0,1,1,0,1,0,0,0,0,0,0,0,0,0,0,1,0,0,0,0,0,0,0,1,0,0,0,0,0,1,3,0,0,0,1,0,0,0,0,0,0,0,0,0,0,0
464,0,3,1,1,3,0,0,0,0,0,1,0,3,0,1,0,1,0,1,0,0,0,1,0,0,0,0,1,0,0,4,1,2,0,2,2,0,0,0,0,3,0,0,0,0,0,1,0,1,0,1
465,0,1,0,0,0,0,0,3,4,0,0,0,0,0,1,0,0,0,0,0,0,0,0,3,0,0,0,0,0,0,0,0,1,0,0,0,0,1,1,0,0,2,2,2,0,2,0,0,0,0,1
466,0,0,0,0,0,0,0,0,0,0,0,0,0,0,2,0,0,1,0,0,0,0,0,0,0,0,1,0,0,0,0,0,1,0,0,0,0,0,0,1,0,0,0,0,1,1,0,0,0,0,0
467,0,0,1,0,0,0,0,0,0,0,0,0,2,0,0,0,0,1,0,1,0,0,0,0,0,0,2,0,0,0,0,0,2,0,1,0,0,0,0,0,0,0,0,0,0,0,0,0,0,0,0
468,0,0,0,1,0,0,1,0,0,0,0,1,4,0,0,0,0,2,1,0,0,0,0,1,0,0,0,0,1,0,0,0,1,1,0,0,0,0,1,0,0,0,1,1,1,1,0,0,1,1,1
469,0,0,0,0,0,0,0,0,0,1,0,1,0,0,2,0,1,0,0,0,1,0,0,1,0,0,0,0,5,2,0,0,1,0,0,1,0,0,2,1,0,0,0,1,0,0,0,1,1,0,1
470,0,1,0,0,0,0,0,0,1,0,0,0,1,0,0,0,0,2,0,0,1,0,0,0,0,0,1,1,1,0,0,0,0,1,0,1,0,0,0,0,0,0,1,0,0,0,0,0,0,0,1
471,1,0,0,0,1,1,1,2,0,2,1,0,1,0,0,1,1,0,1,1,0,2,0,0,1,0,0,0,3,0,1,0,0,1,0,0,0,1,0,0,1,0,1,0,1,0,0,2,0,0,0
472,0,2,0,1,0,0,1,0,0,0,0,1,3,0,0,0,1,1,0,0,3,0,0,0,0,0,0,0,2,1,1,0,0,0,1,1,1,0,1,1,0,0,0,1,0,0,0,1,0,1,1
473,0,0,0,0,0,1,0,0,0,0,0,0,0,0,0,0,0,1,2,0,0,0,0,0,0,0,0,0,0,0,0,1,0,0,0,0,0,0,1,0,0,0,2,1,0,0,0,0,0,0,1
474,2,0,3,0,0,0,0,0,1,0,0,1,1,0,1,0,1,0,0,0,0,0,0,0,0,0,0,0,5,1,1,0,0,0,0,0,0,0,0,0,1,0,2,0,0,2,0,0,0,0,0
475,0,0,0,0,0,0,0,0,0,0,0,0,0,0,1,0,0,0,0,0,0,0,0,1,0,0,1,0,1,0,0,0,1,1,0,0,0,0,1,0,0,2,0,1,0,0,0,0,0,0,1
476,0,0,0,0,0,0,2,0,1,0,1,1,1,1,2,0,0,0,0,0,0,0,0,0,1,1,0,1,0,0,1,0,2,0,0,1,0,0,0,0,0,0,1,1,0,0,0,0,0,0,1
477,0,0,0,0,0,0,0,0,0,0,0,0,2,0,0,0,0,0,0,0,0,1,0,0,0,0,0,0,1,0,0,0,0,0,0,0,0,1,0,0,0,0,0,0,0,0,0,0,0,1,1
478,0,0,0,0,0,0,0,0,0,0,0,0,1,0,0,1,0,0,0,0,0,0,0,0,0,0,0,0,0,0,1,0,0,0,0,0,0,0,0,0,0,0,0,0,0,0,0,0,0,0,1
479,0,0,0,0,0,0,0,0,0,3,0,0,0,0,0,0,0,1,0,0,0,0,0,2,0,1,0,1,0,0,0,0,2,0,0,0,0,1,0,10,0,0,0,0,1,1,0,0,0,0,1
480,0,0,1,0,0,2,0,1,1,1,2,0,1,4,0,1,0,1,1,3,2,0,0,0,1,1,0,0,0,0,1,0,4,2,0,1,0,1,1,1,0,2,0,0,2,1,3,0,0,2,0
481,0,2,0,0,0,0,1,1,1,1,1,0,0,0,0,1,2,1,0,0,0,3,0,0,1,0,0,1,0,0,2,1,3,0,0,3,1,0,0,3,0,0,1,0,1,0,0,1,1,1,1
482,0,0,0,0,0,0,0,0,0,0,0,0,0,0,0,0,0,0,0,0,0,0,0,0,0,0,0,0,0,0,0,1,0,0,0,0,0,0,0,1,0,0,0,0,0,0,0,0,0,0,1
483,1,0,2,0,0,0,0,0,0,0,0,0,0,0,0,0,3,1,1,0,0,0,0,0,0,0,0,0,2,0,2,0,0,0,0,2,0,0,0,0,3,0,0,0,0,0,0,0,0,0,0
484,1,0,0,0,0,0,0,0,0,0,0,1,0,0,0,1,0,0,0,0,0,0,0,0,0,0,0,0,1,0,0,1,0,0,1,0,0,0,0,0,0,0,0,0,0,1,0,1,0,0,0
485,1,0,3,3,0,0,0,0,3,0,3,0,1,0,6,1,1,0,0,0,4,1,4,1,1,0,3,1,8,0,1,0,4,1,1,2,2,2,4,1,0,0,1,0,2,1,0,2,2,2,0
486,0,0,0,1,0,1,0,0,0,0,0,0,0,0,0,0,3,3,0,0,1,0,0,0,0,0,0,0,2,0,0,0,2,1,0,0,1,0,0,0,0,0,1,1,0,0,0,0,0,0,1
487,0,5,0,0,1,0,6,1,1,3,2,1,0,0,0,1,0,1,0,3,0,0,0,6,0,0,3,5,12,1,0,1,3,2,0,5,1,2,0,0,0,1,4,3,1,1,1,1,0,1,1
488,2,0,0,0,2,0,0,0,2,0,1,0,0,0,0,0,1,0,0,0,0,0,0,0,0,0,0,0,4,1,2,0,0,0,0,0,0,1,1,0,0,0,0,0,0,0,0,0,0,1,0
489,0,0,0,0,1,0,0,0,0,0,0,0,0,0,0,0,0,0,0,0,0,0,0,0,1,0,1,0,0,0,1,0,0,0,0,0,0,0,0,0,0,0,0,0,0,1,0,1,0,0,1
490,0,0,0,0,0,0,0,0,0,0,0,0,2,0,0,0,0,0,0,0,1,0,0,1,0,1,0,0,0,0,0,0,0,1,0,0,0,0,0,0,1,2,1,0,0,0,0,0,0,0,0
491,1,0,0,0,0,0,0,0,1,0,1,0,1,0,0,0,0,0,0,0,0,0,0,0,0,1,0,0,0,0,0,0,0,0,0,0,0,0,0,0,0,0,0,3,0,0,0,0,0,0,0
492,0,1,0,0,0,0,1,2,0,0,0,2,4,1,1,0,2,1,0,2,0,1,0,0,0,1,0,1,1,0,1,0,4,0,0,2,0,0,0,0,0,1,0,1,0,0,0,1,1,0,1
493,0,0,0,0,2,0,1,2,0,0,0,0,0,0,0,0,0,0,0,0,4,0,1,0,0,0,0,0,2,0,0,0,0,0,0,0,1,0,0,0,1,0,1,0,0,0,0,0,0,0,0
494,0,0,0,0,0,0,0,0,0,0,0,1,0,0,0,0,0,0,0,0,0,0,0,0,0,0,0,0,0,0,0,0,1,0,0,0,0,0,0,1,0,0,0,0,0,0,0,0,0,0,1
495,0,0,2,0,0,0,0,0,0,0,0,0,0,0,1,0,2,1,1,0,0,0,2,0,0,1,0,0,2,0,1,0,0,0,0,1,0,0,0,0,0,0,0,0,0,1,0,1,0,0,0
496,0,0,0,0,0,0,0,0,0,0,0,0,0,0,0,0,0,0,0,0,0,0,0,0,0,1,0,0,2,0,0,0,1,0,0,0,0,0,0,0,0,0,1,1,0,0,1,0,0,0,0
497,1,2,0,0,0,0,1,1,2,1,1,0,0,0,0,0,0,0,0,0,1,0,0,1,1,1,0,0,3,1,0,0,1,0,0,1,0,0,0,0,0,0,0,0,0,1,0,0,1,1,1
498,0,0,0,0,0,0,2,1,0,0,0,0,0,0,1,0,0,0,0,0,1,0,0,0,0,0,0,0,3,0,0,0,1,0,0,0,1,0,0,0,0,0,0,0,0,0,2,0,0,1,0
499,0,0,0,0,0,0,0,0,0,0,1,0,1,0,0,0,0,0,0,0,0,0,0,0,1,0,0,0,1,0,0,0,1,0,0,1,0,0,0,0,0,1,0,0,0,0,0,0,0,0,0
500,0,0,0,1,0,0,0,0,1,1,1,0,6,0,0,0,1,0,1,0,0,0,0,1,0,0,0,1,0,0,0,0,1,0,1,0,0,0,0,0,0,0,0,0,2,0,0,1,1,0,0
501,0,0,0,0,0,0,0,0,0,0,0,0,1,0,0,0,0,0,0,0,0,0,0,1,0,0,0,0,0,0,1,1,0,0,0,0,0,0,1,0,0,2,0,0,0,0,0,0,0,0,1
502,1,0,1,0,0,1,0,0,0,0,0,3,0,0,0,0,0,0,0,0,3,0,0,0,2,0,0,0,4,0,0,0,0,0,0,0,0,0,0,0,0,1,1,1,0,0,0,0,0,0,0
503,1,0,0,1,1,1,0,0,0,0,0,2,0,0,1,1,1,0,0,0,0,0,0,0,0,1,0,0,2,2,0,0,2,0,0,0,0,0,0,0,0,0,0,0,0,0,0,0,0,1,0
504,0,0,0,0,0,0,0,0,0,0,0,0,0,0,0,0,0,0,0,0,1,0,0,0,0,0,0,0,3,0,0,0,0,0,0,0,0,0,0,0,0,1,0,0,0,0,0,1,0,0,1
505,0,0,0,0,0,0,0,0,0,0,0,1,1,1,0,1,1,0,1,0,2,0,0,0,0,0,0,0,0,0,0,1,1,0,0,0,0,0,1,0,0,0,0,1,0,0,0,0,0,0,0
506,0,0,0,0,0,0,1,0,0,0,0,0,1,0,0,0,2,0,0,0,1,0,0,0,0,0,0,0,5,0,0,0,1,0,0,0,0,0,0,0,0,0,0,0,0,0,0,0,0,0,0
507,1,0,0,0,0,0,0,0,0,0,0,0,0,0,0,0,0,0,0,0,0,0,0,0,1,0,0,0,1,2,0,1,1,0,0,2,0,0,0,0,0,0,0,1,0,0,2,1,1,0,0
508,0,0,0,0,0,0,0,0,0,0,0,0,1,0,0,0,1,0,0,0,0,0,0,0,0,0,0,0,0,0,0,0,0,0,0,0,0,0,0,0,0,0,0,0,0,0,0,0,0,1,0
509,1,2,0,1,0,0,0,0,1,0,2,0,0,0,0,0,2,0,0,0,6,0,2,1,0,0,0,0,0,0,3,0,0,1,2,2,0,0,2,12,0,0,0,0,0,2,0,3,0,0,0
510,0,0,0,0,0,0,0,0,0,0,0,0,2,0,0,0,0,0,0,0,1,0,0,0,0,1,0,0,0,0,0,0,0,0,0,0,0,0,0,0,0,0,0,0,0,0,0,0,1,0,1
511,1,0,1,0,0,0,0,0,0,1,1,0,3,0,1,2,3,1,0,0,2,1,0,0,0,0,0,2,0,0,0,0,0,1,1,0,0,0,0,0,0,0,2,1,0,0,1,2,0,0,1
512,0,1,2,0,0,0,0,0,0,0,0,1,0,0,0,0,0,0,0,1,0,0,0,0,1,0,0,0,5,1,0,0,1,0,0,0,1,0,0,0,0,0,1,1,0,0,1,0,0,3,0
513,1,0,0,2,0,0,0,2,2,0,0,0,9,0,0,1,0,0,0,0,1,0,0,0,0,0,0,0,0,0,1,1,0,0,2,1,0,0,1,0,0,0,0,0,0,0,0,0,0,0,1
514,0,0,0,0,0,0,0,0,0,0,1,1,2,0,1,0,0,0,0,0,1,0,0,0,0,0,0,0,0,0,0,0,1,0,0,1,0,0,0,0,0,0,0,1,0,0,0,1,0,1,0
515,0,0,0,0,0,0,0,0,0,0,0,0,0,0,0,0,0,0,0,1,1,1,0,0,0,1,0,2,2,0,0,0,2,0,0,1,0,1,0,0,0,0,1,0,0,0,0,0,1,0,1
516,1,0,0,0,0,1,0,0,0,1,0,1,0,2,0,1,0,0,1,0,1,0,1,0,1,1,0,0,2,0,0,0,1,0,1,1,0,0,0,0,0,0,0,0,0,0,0,0,1,1,0
517,0,0,0,0,0,0,0,0,0,0,0,1,2,0,0,0,0,0,0,0,0,0,0,0,0,0,0,0,0,0,0,1,0,0,0,0,0,0,0,0,0,0,0,0,0,1,0,0,0,0,0
518,0,1,2,0,0,1,0,0,0,0,0,0,1,0,0,0,0,0,0,0,1,0,0,1,2,1,0,0,0,0,0,0,1,0,0,1,0,0,0,0,0,1,0,0,0,0,0,0,0,2,0
519,0,0,0,0,0,0,0,0,0,0,0,0,2,0,0,0,0,0,0,1,0,0,0,0,0,0,0,1,0,0,0,0,0,0,0,0,0,0,0,0,0,0,0,0,0,0,0,0,1,0,1
520,0,1,0,0,0,0,0,1,0,0,0,0,0,0,0,1,0,0,1,0,0,1,0,0,0,0,0,0,0,0,0,0,1,0,0,0,0,0,0,1,1,0,0,1,2,1,0,1,1,0,1
521,0,0,1,0,0,0,0,0,0,1,1,0,0,0,0,1,2,0,0,0,1,0,0,0,0,0,0,0,0,0,0,0,0,0,0,0,0,0,0,0,0,0,0,2,0,0,0,0,0,0,0
522,0,0,0,0,0,1,1,0,0,0,0,0,5,1,0,0,0,1,1,1,0,1,0,0,1,0,0,0,0,0,0,1,0,1,0,0,0,0,0,0,0,0,0,0,0,0,0,0,0,0,1
523,0,0,0,1,0,0,0,0,0,0,0,0,0,0,0,0,1,0,0,0,1,0,0,0,0,0,0,0,1,0,0,0,0,0,0,0,0,0,0,0,0,0,0,0,0,0,0,0,0,0,1
524,0,0,0,0,0,0,0,1,1,0,1,0,0,0,2,0,1,0,0,0,2,2,0,0,1,0,0,0,5,0,1,1,3,1,0,0,1,1,1,1,0,2,0,0,0,0,1,0,0,2,1
525,1,0,0,0,0,0,0,0,0,0,0,0,0,0,1,0,0,3,0,0,1,1,0,0,0,0,0,0,0,1,0,1,0,0,0,0,0,0,0,4,1,0,3,0,0,1,0,0,0,2,1
526,0,0,1,2,1,0,0,0,2,0,1,1,1,1,1,2,0,0,2,0,1,0,0,0,0,0,0,0,2,3,0,0,1,0,1,4,0,0,0,0,0,0,0,0,0,0,0,1,0,0,0
527,0,0,0,0,0,0,0,0,0,0,0,0,0,1,2,2,1,1,0,0,1,1,0,1,1,0,1,2,2,0,0,0,5,0,0,2,0,0,0,0,0,0,0,2,0,0,0,0,0,1,1
528,0,0,0,1,0,0,0,1,0,0,0,0,2,0,0,0,0,0,0,1,0,0,0,0,0,1,0,1,5,0,0,0,0,0,0,0,0,0,1,0,0,0,0,0,0,0,0,1,0,1,1
529,2,0,0,0,0,0,1,0,2,0,0,1,0,0,0,0,2,1,0,0,0,0,0,0,0,0,0,0,2,0,1,0,3,0,0,0,0,0,0,0,0,0,0,0,0,0,0,1,0,0,0
530,0,0,0,0,0,0,0,1,0,0,0,0,0,0,0,0,0,0,0,0,0,0,0,0,0,0,0,0,5,0,1,1,0,1,1,0,1,0,0,0,0,0,0,0,0,2,0,0,0,0,0
531,0,1,1,0,0,0,0,0,0,0,0,0,0,0,0,0,1,0,0,0,1,0,1,0,0,0,0,0,3,0,0,0,2,0,0,2,0,1,0,0,0,1,0,0,0,0,0,1,0,0,0
532,0,0,0,0,0,0,0,0,0,1,0,1,3,0,0,0,1,0,0,0,0,0,0,0,1,0,0,0,1,0,0,0,1,0,0,0,0,0,0,0,0,1,1,1,0,1,0,0,0,0,1
533,0,0,0,0,1,1,0,0,1,0,0,0,3,0,0,0,0,0,0,3,0,0,0,0,0,0,0,0,0,0,0,0,0,1,0,0,0,0,2,0,0,3,1,0,0,0,0,1,1,0,1
534,0,0,1,0,1,0,0,0,1,0,0,0,0,0,4,1,0,0,1,0,1,1,0,0,0,1,0,1,0,0,2,1,2,2,0,1,0,0,0,8,1,0,1,1,0,4,1,2,0,0,0
535,0,0,0,1,0,0,0,0,0,0,0,0,6,0,0,0,0,0,0,1,0,0,0,0,0,1,0,0,4,0,0,0,0,0,0,0,0,0,1,0,0,0,1,0,0,0,0,0,0,1,1
536,0,1,0,0,0,0,1,0,0,1,2,0,0,1,1,0,0,0,1,0,4,0,2,0,0,0,0,0,2,0,0,0,0,2,1,1,0,0,0,0,0,0,1,3,0,0,0,0,1,0,0
537,0,0,0,1,0,0,0,0,0,0,0,1,0,0,1,0,0,0,0,0,3,0,0,0,0,0,0,0,0,0,0,1,1,0,1,0,1,0,1,0,0,0,0,0,0,1,0,0,0,0,1
538,1,1,1,0,1,0,1,0,1,0,1,0,8,1,0,0,2,0,0,1,1,0,0,1,1,1,1,1,3,2,2,0,1,1,1,1,0,0,0,0,0,1,0,0,0,1,0,2,0,0,1
539,0,0,1,0,1,1,0,0,0,0,3,0,0,0,0,0,0,0,0,0,0,0,0,0,0,1,0,0,1,0,0,1,1,0,0,1,0,0,2,0,0,1,0,0,0,0,0,1,0,0,0
540,0,0,0,0,0,0,0,0,0,0,1,0,0,0,3,2,0,0,0,2,4,0,1,0,0,0,0,0,0,0,0,1,2,3,0,1,0,0,1,1,0,0,3,0,0,0,0,0,0,0,0
541,0,1,0,0,0,0,0,0,0,0,1,1,4,0,0,2,0,0,5,0,0,0,0,0,0,0,0,0,0,0,0,0,1,0,0,0,0,0,1,0,0,1,0,0,0,0,0,3,0,0,1
542,0,0,0,0,0,0,0,0,0,0,0,0,0,0,1,0,0,0,0,0,0,2,0,1,0,0,0,0,0,0,0,0,0,0,0,0,0,0,0,0,0,0,0,0,0,0,0,0,1,0,0
543,0,0,1,0,0,0,0,0,0,1,0,0,2,0,1,3,0,0,0,0,1,0,1,2,0,0,0,0,0,0,3,0,4,0,0,1,0,0,0,0,0,1,0,2,0,0,0,1,1,0,1
544,0,0,0,0,0,2,0,0,1,0,0,0,0,0,0,0,0,0,0,0,0,0,0,0,0,0,0,1,3,1,0,0,3,1,0,4,0,0,0,0,0,0,0,0,0,0,0,0,0,0,0
545,1,0,0,0,0,0,0,0,0,2,0,0,0,0,1,0,0,0,0,0,0,0,0,0,0,0,0,0,1,1,0,0,0,1,0,0,0,0,0,0,0,5,0,1,0,0,0,0,0,0,0
546,0,1,0,0,1,0,0,0,0,0,0,1,0,0,1,0,2,0,0,0,2,0,0,0,1,1,0,0,2,2,1,0,1,0,0,2,0,0,1,0,0,0,0,0,0,1,0,0,1,3,0
547,0,1,0,2,0,0,0,2,0,0,2,1,3,0,0,0,0,0,0,0,1,0,0,7,1,0,0,0,1,1,0,0,1,0,0,0,0,0,1,0,0,1,0,0,0,0,1,1,1,0,1
548,0,1,0,0,0,1,0,0,0,0,0,0,0,0,0,0,0,5,0,0,1,0,0,1,1,0,0,2,1,0,0,0,2,0,0,1,0,0,0,0,3,1,0,1,0,0,0,2,0,1,1
549,0,0,0,0,0,0,0,0,0,0,1,0,1,0,0,0,0,0,0,0,1,1,0,0,0,0,0,0,0,1,1,0,1,0,0,0,0,0,0,0,0,2,0,1,0,0,0,0,0,0,0
550,0,0,1,1,0,0,0,1,1,0,0,0,3,1,0,0,1,0,0,0,1,0,0,0,0,0,0,0,0,0,0,0,0,0,1,0,0,0,0,0,0,1,0,0,0,0,0,1,0,0,1
551,0,0,3,0,0,0,0,0,0,0,2,4,7,0,1,0,0,0,0,0,1,0,0,0,1,0,0,0,0,0,0,0,0,0,1,0,2,0,1,0,0,0,0,0,0,0,0,2,0,0,0
552,0,0,0,0,0,0,0,0,0,0,0,0,1,0,1,0,0,1,0,1,0,0,0,0,0,0,0,0,0,0,0,0,0,0,0,0,0,0,1,0,0,0,0,0,0,0,0,0,2,0,1
553,0,0,0,0,1,1,0,0,0,0,0,0,1,0,1,0,0,0,0,0,1,0,0,0,0,0,0,0,3,0,0,0,0,0,0,0,0,0,0,0,0,0,0,0,1,0,0,0,0,1,0
554,2,0,0,0,0,0,0,0,0,0,1,0,0,0,0,0,0,0,0,0,1,0,0,0,0,0,0,0,1,0,1,0,0,0,0,0,0,1,0,0,0,0,0,1,0,1,1,0,0,0,0
555,0,1,0,0,0,0,1,1,0,0,1,0,0,1,0,0,2,1,0,0,2,0,0,1,1,0,0,1,0,0,0,0,1,0,1,0,0,0,0,0,0,0,0,1,0,1,3,1,0,0,0
556,1,0,1,1,0,0,0,0,0,0,0,0,4,0,0,0,1,0,0,0,0,0,0,0,0,1,0,0,3,0,0,1,0,1,0,0,0,0,0,0,0,0,0,0,0,2,0,0,0,0,1
557,0,1,0,0,0,0,0,1,0,0,1,0,0,0,0,3,1,0,1,1,4,0,1,1,0,1,0,0,2,5,0,0,0,1,0,0,0,0,1,0,0,0,0,0,1,1,0,0,0,1,0
558,0,0,0,0,0,0,0,1,0,0,0,0,1,0,0,0,0,0,0,0,0,0,0,0,0,0,0,1,0,0,0,0,0,1,0,0,0,0,0,0,0,0,2,0,0,0,0,0,1,0,1
559,0,0,0,0,0,0,0,0,2,0,0,1,2,1,0,0,0,0,1,0,1,0,0,1,3,3,0,0,2,2,0,1,0,0,0,0,0,0,1,0,0,0,1,1,0,0,0,0,0,0,1
560,0,0,0,0,0,1,0,0,0,0,0,0,0,0,0,0,0,1,1,0,0,1,0,0,1,1,0,1,3,2,1,0,0,0,0,0,0,0,0,0,0,0,0,0,0,0,2,0,2,1,0
561,0,0,0,0,0,1,0,0,0,0,0,0,1,0,0,0,0,0,0,0,0,0,0,0,0,0,0,1,0,0,0,0,0,0,0,0,0,0,0,0,0,0,0,0,0,0,0,0,0,0,1
562,0,0,0,0,0,0,0,0,1,0,0,0,3,0,0,1,0,0,0,0,0,0,0,0,0,0,0,1,0,0,0,1,1,1,1,0,0,0,1,0,1,0,0,0,0,0,0,0,0,3,0
563,0,0,0,0,0,0,0,0,0,0,1,1,1,0,0,0,0,0,0,0,1,0,0,0,0,0,0,0,0,1,0,0,1,0,0,0,0,0,0,0,0,0,0,0,0,0,0,0,0,0,0
564,1,1,0,0,0,1,0,1,0,0,0,0,0,0,0,0,0,0,0,0,0,0,0,0,0,0,0,0,4,0,2,0,2,0,0,0,0,0,1,0,0,1,0,0,0,0,1,0,1,0,0
565,0,1,0,0,0,0,1,0,0,0,0,0,0,0,0,0,0,0,0,0,0,1,0,0,1,0,0,0,0,0,0,0,1,0,0,0,0,0,0,3,1,1,0,0,0,0,0,1,0,0,1
566,0,0,0,1,0,0,0,0,0,0,0,1,0,0,0,0,1,0,0,0,1,0,0,0,0,0,0,0,0,0,0,0,1,0,0,0,0,0,0,0,0,0,1,0,1,0,0,0,0,0,1
567,0,1,3,0,0,0,0,0,1,1,0,0,4,1,0,0,0,0,0,0,2,0,0,0,1,0,0,0,2,0,2,0,0,0,2,0,0,1,1,1,0,0,0,0,0,0,0,0,0,0,0
568,0,0,0,0,0,0,0,0,0,2,0,1,3,0,0,2,1,0,0,0,2,0,1,0,2,1,1,0,0,0,0,2,4,1,0,0,0,0,0,0,1,0,0,0,0,0,0,0,1,3,1
569,1,1,0,0,4,0,1,0,1,1,1,0,5,2,1,0,1,1,0,1,1,0,0,1,2,1,0,0,2,2,1,1,3,0,1,0,0,0,1,0,0,1,0,1,0,0,0,0,1,1,1
570,0,0,0,0,0,0,0,0,0,0,0,0,0,0,0,0,1,0,1,0,0,0,0,0,0,1,0,0,5,0,0,0,1,0,0,0,1,0,1,0,0,0,0,0,0,1,1,0,0,0,0
571,0,0,0,0,0,0,0,0,0,0,0,0,1,0,0,0,1,0,0,0,0,0,2,0,0,0,0,1,2,0,2,1,1,0,0,1,0,0,2,0,2,0,0,0,1,0,0,0,2,1,1
572,0,0,1,0,0,0,0,0,0,0,0,0,0,0,1,1,1,0,0,0,0,0,0,0,0,0,0,0,0,0,1,0,1,0,0,0,0,0,0,0,0,1,0,0,0,0,0,0,0,0,0
573,1,1,3,0,1,1,0,2,1,0,0,1,6,1,0,1,2,0,0,0,0,0,2,0,2,0,0,0,0,0,0,2,1,0,0,2,0,0,0,0,0,0,0,2,5,0,0,1,2,0,0
574,0,0,0,0,0,1,0,1,0,0,0,0,1,0,0,1,1,0,0,0,0,0,0,1,0,0,0,0,3,0,0,0,1,0,0,0,0,0,0,0,0,0,0,0,0,0,0,0,0,0,1
575,1,1,2,1,1,1,0,2,0,0,0,0,0,0,0,1,3,0,0,0,1,0,1,0,0,0,0,3,2,0,3,0,0,1,0,2,0,0,0,0,0,4,1,1,0,0,0,0,1,0,0
576,0,0,0,0,0,0,0,0,0,0,0,0,0,0,0,0,0,0,0,0,1,0,1,0,1,0,1,0,0,0,0,0,0,0,0,0,0,0,0,1,0,0,0,1,0,0,0,0,0,0,1
577,0,1,0,0,1,0,1,0,1,0,0,0,0,0,0,0,0,2,0,0,3,0,0,0,0,1,0,0,2,0,1,0,0,0,0,0,0,0,0,0,0,0,1,0,0,0,1,0,1,0,0
578,0,0,0,0,0,1,0,0,1,0,0,0,0,0,1,0,0,0,1,0,0,0,0,1,0,0,0,0,0,0,0,1,1,0,0,0,0,0,0,4,0,0,0,0,0,3,0,0,0,0,0
579,0,0,0,0,0,0,0,0,1,0,0,0,0,1,1,0,1,1,1,1,2,0,0,3,1,1,1,0,0,0,0,0,2,0,0,0,0,0,1,1,1,0,0,0,2,0,0,0,0,0,1
580,0,2,0,2,1,0,0,0,0,0,0,1,0,0,0,0,0,0,0,0,1,0,0,0,0,0,0,0,1,2,0,0,3,0,0,0,0,2,1,0,0,0,0,1,0,1,1,0,1,0,1
581,0,1,0,0,0,0,0,0,0,0,1,0,3,0,0,0,0,0,0,0,0,1,0,3,0,0,0,0,0,0,0,0,0,0,0,0,0,0,0,0,1,3,0,0,0,0,0,0,0,0,1
582,0,1,0,0,0,0,1,0,0,1,0,0,1,0,0,0,1,0,0,0,0,2,0,0,0,1,0,1,3,0,0,0,1,0,0,0,0,0,0,0,0,0,1,1,0,0,0,0,1,0,1
583,0,1,0,0,0,0,0,0,0,0,0,0,0,1,0,0,0,1,0,0,0,0,0,0,0,0,0,0,2,0,1,0,0,0,0,0,0,0,0,0,0,1,0,2,0,0,0,0,0,1,0
584,0,0,0,0,0,0,0,0,0,0,0,0,0,0,0,0,0,0,0,0,1,0,2,0,1,0,2,0,0,0,0,1,0,0,0,0,1,0,0,0,0,0,0,0,0,0,0,0,0,1,1
585,2,0,0,1,0,0,1,0,0,0,0,1,0,0,0,2,0,1,0,1,1,0,0,0,0,0,0,0,0,0,0,0,2,0,0,1,0,0,0,0,0,1,0,0,0,0,0,0,1,0,1
586,1,0,1,0,0,2,0,0,0,1,0,0,0,0,1,1,1,0,0,0,1,0,0,0,0,1,0,0,6,0,0,0,0,0,0,0,0,0,0,0,0,1,0,0,1,0,1,0,1,0,0
587,2,0,0,0,0,0,0,0,0,0,0,0,2,0,1,0,1,0,0,0,1,0,0,2,0,0,0,0,0,0,0,0,2,0,0,1,0,0,0,0,1,1,0,1,0,1,0,0,0,1,1
588,0,0,0,0,0,0,0,0,0,0,0,0,2,0,0,0,0,0,0,0,0,0,0,0,0,0,0,1,1,0,0,0,0,0,0,0,0,0,1,0,0,0,0,2,0,0,0,0,0,0,1
589,2,1,0,0,1,0,0,0,0,0,0,0,6,1,0,0,0,0,1,0,0,0,0,0,0,1,0,0,3,1,0,0,3,1,0,0,1,0,0,1,0,0,0,0,0,1,1,0,0,0,0
590,0,0,0,0,0,0,0,0,2,0,0,0,0,0,0,2,0,0,0,0,0,0,0,0,0,0,0,0,0,0,0,0,0,0,1,0,1,0,0,1,0,0,1,1,0,0,0,0,1,0,0
591,0,1,0,0,0,0,0,0,0,0,0,0,0,0,2,0,1,0,0,0,0,0,0,0,0,1,0,0,5,0,0,0,2,0,0,1,0,0,1,0,0,2,0,1,0,1,0,0,0,1,1
592,1,0,0,0,0,0,0,0,0,0,0,0,0,0,0,0,2,0,1,0,2,0,0,0,0,0,0,0,1,1,0,0,0,0,0,0,0,0,0,0,0,0,1,0,0,1,0,1,1,1,0
593,0,0,0,0,0,0,0,0,0,0,2,0,4,0,1,0,0,0,0,0,1,0,0,0,0,0,0,1,6,1,0,0,0,1,0,0,0,0,0,1,0,0,0,1,1,0,0,0,0,0,0
594,0,1,0,0,0,0,1,0,0,0,1,0,1,0,0,0,0,0,0,0,1,0,0,0,0,1,1,0,0,0,1,0,0,0,0,0,0,0,1,0,0,0,0,0,0,0,0,0,0,1,0
595,0,2,1,0,1,0,0,3,1,1,2,0,5,2,0,0,2,0,0,0,2,0,0,0,0,2,0,1,0,0,1,1,1,0,1,2,0,0,0,0,2,0,3,0,2,0,1,1,0,1,1
596,0,0,1,0,0,0,0,0,0,0,2,2,0,0,0,0,1,0,0,0,0,1,1,0,2,0,0,0,3,2,0,0,2,0,0,0,0,0,0,0,0,1,0,0,0,0,0,0,1,0,0
597,1,0,0,2,1,0,0,0,0,0,0,0,0,0,0,0,0,0,0,0,0,0,0,0,0,0,1,0,1,1,0,0,0,0,0,0,0,0,0,0,0,1,0,1,0,0,0,0,0,0,0
598,0,0,0,0,0,1,0,0,0,1,1,0,0,0,1,0,0,0,0,0,5,0,1,1,0,0,6,0,0,0,1,1,1,1,0,0,0,0,0,8,0,0,0,0,0,0,1,1,1,0,0
599,0,0,0,0,0,0,0,0,0,0,2,0,1,0,0,0,0,0,0,0,0,1,0,0,0,0,0,0,0,0,0,0,0,0,0,0,0,0,0,0,0,0,0,0,1,0,0,0,1,0,0
600,0,0,0,0,1,0,0,0,0,0,0,0,9,0,0,0,1,0,0,1,0,0,0,0,0,0,0,0,0,0,2,0,0,0,0,0,0,0,0,0,1,1,0,0,1,0,0,1,0,1,1
601,0,0,0,0,0,0,0,1,0,0,0,1,0,0,0,0,0,0,0,0,1,0,0,0,0,0,0,1,0,0,0,0,1,0,0,0,0,0,0,0,0,0,0,0,2,0,0,0,0,0,0
602,0,1,0,1,2,0,0,0,4,0,0,0,1,2,0,0,0,0,0,0,1,1,0,1,0,0,0,1,0,0,0,0,2,0,0,0,0,0,0,0,0,1,0,0,0,0,0,0,0,0,1
603,0,3,2,1,0,0,1,1,1,1,1,1,13,1,1,1,3,6,0,0,3,2,0,0,1,2,0,3,5,1,0,1,6,0,1,3,0,0,0,0,0,0,1,3,1,0,2,1,0,4,1
604,0,1,0,1,0,0,1,0,2,0,1,0,0,1,0,2,0,0,0,0,2,0,0,0,0,0,0,0,2,0,0,0,0,0,1,1,0,0,0,0,0,3,0,0,0,0,0,0,0,0,0
605,0,0,0,0,0,0,0,0,1,0,1,1,0,0,0,0,0,0,0,0,0,0,0,0,0,0,0,0,1,0,0,0,0,0,0,0,0,0,1,0,0,0,1,0,0,1,0,0,0,0,0
606,0,2,0,0,0,0,0,3,0,0,0,1,0,0,2,0,0,0,0,0,2,0,1,0,0,0,0,0,3,1,0,0,2,0,0,0,2,0,3,0,0,0,0,0,1,1,0,1,1,0,1
607,0,0,2,0,0,0,1,1,0,0,0,0,0,0,0,0,1,0,0,0,2,0,0,0,2,0,0,0,2,1,1,0,0,0,0,0,0,0,0,0,0,0,0,1,0,0,0,0,0,1,0
608,1,0,1,0,0,0,0,0,0,0,1,1,0,0,0,1,1,0,1,1,0,0,1,0,0,0,0,0,2,1,0,0,2,0,1,1,0,1,1,0,1,0,0,0,0,0,0,0,0,0,0
609,0,1,0,0,1,0,0,0,0,0,0,0,0,0,0,1,0,0,0,0,0,0,1,0,0,0,0,0,0,0,0,0,1,0,0,1,0,0,0,0,0,0,1,0,0,0,0,0,0,0,0
610,0,1,0,0,1,0,2,2,1,0,3,1,0,0,1,1,2,0,1,0,5,2,0,0,0,0,1,0,0,0,0,0,2,0,0,1,2,1,1,1,0,1,3,0,0,1,2,3,1,2,1
611,0,1,0,0,1,0,0,0,0,0,1,0,0,0,0,0,0,0,2,0,0,0,0,0,1,0,0,0,0,0,3,0,0,0,0,2,1,0,0,2,0,0,3,4,1,0,0,0,2,0,1
612,0,1,0,0,0,0,0,0,0,0,0,0,2,0,0,0,0,0,1,0,0,1,0,0,0,0,0,0,2,1,0,0,1,0,0,0,0,0,0,0,0,0,0,1,0,0,0,0,0,0,0
613,0,0,0,0,0,0,0,0,0,0,0,0,0,0,0,0,2,2,0,0,7,0,0,0,0,0,1,0,0,0,0,0,0,1,0,1,0,0,0,0,0,0,1,0,0,0,1,1,0,0,1
614,0,3,1,1,1,1,3,1,0,0,0,0,0,0,1,0,2,2,0,0,0,0,0,0,0,0,0,0,12,1,0,0,2,0,0,2,0,0,1,1,1,2,0,0,0,2,0,0,1,0,1
615,1,0,0,0,1,0,0,0,0,0,0,0,1,0,0,0,0,0,1,0,1,0,0,0,0,0,0,0,5,0,1,0,0,1,0,0,0,0,1,0,0,0,0,0,0,0,0,0,0,0,1
616,0,0,0,0,0,1,0,0,0,0,1,0,3,0,0,1,0,0,0,0,1,2,2,0,0,0,1,1,0,0,0,1,0,1,0,1,0,0,0,0,0,0,1,0,0,0,0,0,0,0,0
617,0,0,0,2,0,0,2,1,2,0,0,0,1,0,1,1,0,0,0,1,1,1,1,0,1,2,1,0,1,2,1,0,6,0,1,1,0,0,0,0,1,5,0,0,2,0,0,0,0,1,0
618,0,0,0,0,0,0,0,1,0,0,0,0,4,1,0,0,1,0,0,1,2,0,0,1,1,0,0,0,0,0,0,0,1,0,0,0,0,0,0,0,0,0,0,0,0,1,0,0,0,1,1
619,0,0,1,0,0,0,0,0,0,0,1,0,0,0,2,0,0,0,0,0,1,0,0,0,0,0,0,0,4,0,0,1,0,0,0,1,0,0,1,0,0,0,0,0,0,1,0,2,0,0,0
620,0,0,0,0,0,0,0,1,0,0,0,0,0,1,0,2,1,0,0,0,0,0,1,1,1,0,0,0,3,0,1,0,2,3,0,0,0,0,0,0,0,1,0,1,0,0,2,0,0,1,1
621,0,0,0,0,1,0,0,0,2,0,0,1,4,0,0,0,0,0,0,0,0,0,0,0,0,0,0,1,1,0,0,0,0,0,1,0,1,0,0,1,0,1,0,0,0,0,0,0,0,1,1
622,0,0,0,0,0,0,0,0,0,0,0,0,0,0,0,0,0,0,0,0,0,0,0,0,0,0,0,0,1,0,1,0,0,0,0,0,0,0,0,0,0,0,0,0,0,0,0,0,0,0,0
623,0,0,1,0,0,0,0,0,0,0,1,0,1,2,0,0,0,0,0,0,1,0,0,0,0,2,0,0,0,0,0,0,1,0,1,2,0,0,0,1,0,0,0,1,0,0,2,1,1,0,0
624,0,0,0,0,0,0,0,0,0,0,0,1,0,1,0,0,0,0,0,0,0,0,1,0,1,0,0,0,0,0,0,0,1,1,1,0,0,1,0,0,0,0,0,0,0,0,0,0,0,0,0
625,0,0,2,0,0,1,0,0,0,1,0,0,0,1,0,0,2,1,0,1,1,0,0,0,0,1,0,1,2,1,0,0,0,1,0,0,0,0,1,0,0,1,0,0,0,0,1,0,0,0,0
626,0,0,0,0,0,0,0,2,0,0,0,0,0,0,0,0,0,0,0,0,0,0,0,0,0,0,1,0,1,0,0,1,0,0,1,1,0,0,0,0,0,0,0,1,0,0,1,0,0,0,0
627,0,0,0,0,0,0,0,0,0,0,0,0,0,0,0,0,0,0,1,0,0,0,0,0,0,0,0,0,1,0,0,0,0,0,0,0,0,0,0,0,0,0,0,1,0,0,0,0,0,0,0
628,0,0,1,0,0,0,2,0,0,0,1,0,1,0,0,0,1,0,0,0,0,0,0,0,0,0,0,0,1,0,0,0,0,1,0,0,0,0,0,0,0,1,0,1,0,0,0,0,1,0,0
629,0,0,0,0,0,1,1,0,0,0,1,2,0,0,1,0,0,0,0,0,2,0,0,1,0,0,0,0,3,2,0,0,0,0,0,1,0,0,0,0,0,0,0,0,0,0,0,0,0,0,1
630,0,0,0,0,0,0,0,1,0,0,0,0,1,0,0,0,1,0,0,0,0,0,0,0,0,1,1,1,1,0,0,0,0,0,0,0,0,0,0,0,0,0,0,1,0,2,0,0,0,0,0
631,0,1,0,0,0,0,1,0,0,0,0,0,0,0,0,0,1,0,0,0,1,0,0,0,0,0,0,0,1,0,0,1,2,0,0,0,1,0,0,0,0,0,0,0,0,0,0,0,0,0,1
632,0,0,0,0,0,0,0,0,1,0,0,1,1,0,0,0,0,0,0,0,0,0,0,0,0,0,0,0,0,0,0,0,0,0,0,0,0,0,0,0,0,0,0,0,0,0,0,0,0,0,0
633,1,0,0,1,0,0,0,0,0,0,0,1,2,1,0,0,0,0,0,0,1,0,0,2,0,0,0,0,1,0,0,0,1,0,0,0,0,0,0,0,0,0,1,1,1,0,0,0,1,0,1
634,0,0,0,2,0,0,0,0,0,0,0,1,5,0,2,0,0,0,0,0,0,0,0,0,0,1,0,0,1,0,0,0,2,0,0,0,0,0,0,0,0,0,0,0,0,0,0,0,0,0,1
635,0,3,0,0,1,0,0,1,0,0,0,0,10,3,1,0,1,3,0,0,1,1,1,0,0,0,2,2,3,1,0,0,1,2,0,0,0,0,0,1,0,0,4,0,0,0,0,0,0,1,1
636,0,0,0,0,0,0,0,0,0,0,0,0,0,0,0,0,0,0,0,0,0,0,0,0,0,0,0,0,0,0,0,0,0,0,0,1,0,0,0,1,0,0,0,0,0,0,1,0,0,0,1
637,1,0,0,0,0,0,0,0,0,0,0,0,0,0,1,0,0,2,0,1,0,0,0,0,0,0,0,0,2,0,0,0,0,0,0,0,0,0,1,0,0,0,0,0,0,0,0,0,0,0,1
638,0,0,0,0,1,0,1,1,0,0,0,0,0,0,0,0,0,0,0,0,1,0,0,0,0,0,0,1,1,0,0,0,0,0,0,0,0,0,0,0,0,0,1,0,0,0,0,0,1,0,1
639,0,0,0,0,0,0,0,0,0,0,0,0,0,0,0,0,0,0,0,0,3,0,1,0,0,1,0,0,1,0,1,0,0,0,0,0,0,0,0,0,0,0,0,0,0,0,0,0,0,1,1
640,3,0,12,0,1,0,0,1,1,0,2,1,0,1,0,0,1,0,0,0,1,0,0,1,0,3,1,1,7,1,0,0,0,0,0,1,1,1,1,0,0,0,0,1,0,1,1,1,1,3,0
641,0,0,0,0,0,2,0,0,0,0,1,1,1,0,2,2,2,0,0,1,5,2,2,4,1,0,2,1,4,1,5,0,4,1,2,3,2,1,3,0,1,1,0,2,1,1,0,3,2,3,1
642,0,0,0,0,0,0,0,0,0,0,0,0,0,0,0,0,1,0,0,0,0,0,0,0,0,0,0,0,3,0,0,0,0,0,0,0,0,0,0,0,0,0,0,0,0,1,0,0,0,0,1
643,0,0,0,0,0,0,0,0,0,0,0,1,2,1,1,0,0,0,1,0,1,0,0,0,0,1,0,1,0,1,0,0,1,0,0,1,0,1,1,0,0,0,1,1,0,1,0,0,1,0,1
644,0,0,0,3,1,0,0,0,1,0,0,2,0,0,0,0,0,0,0,0,0,0,0,0,0,3,0,0,0,0,1,0,0,0,0,2,0,0,0,7,0,0,0,0,0,0,0,0,0,3,1
645,0,1,0,1,0,0,1,2,0,0,0,0,0,0,0,0,3,0,0,0,1,1,1,0,1,0,0,0,2,0,1,0,2,0,1,0,1,0,4,0,0,1,1,1,0,0,0,0,0,2,1
646,0,0,0,0,0,0,0,1,0,0,2,1,0,0,0,0,1,0,0,0,0,0,0,0,0,0,0,0,0,0,1,0,2,0,0,0,0,0,0,1,0,0,0,0,0,0,0,2,2,0,0
647,0,0,0,0,0,0,0,0,0,0,2,0,5,0,2,0,0,0,0,0,0,0,0,0,0,2,0,0,3,0,0,0,2,0,0,0,0,0,1,0,0,1,1,0,0,0,1,0,0,0,1
648,0,0,1,0,0,1,0,0,1,1,0,0,0,0,1,0,0,1,0,1,0,0,0,0,0,1,0,0,3,0,1,0,0,0,1,0,0,2,0,0,0,0,0,0,0,2,0,0,0,1,0
649,0,0,0,0,0,0,0,0,0,0,0,0,2,0,0,0,0,0,1,0,0,0,0,0,0,0,0,0,4,0,0,0,0,0,0,1,1,0,0,0,0,0,0,0,0,0,0,0,1,0,0
650,1,0,0,0,0,1,0,0,0,0,0,1,0,0,1,1,1,0,0,1,4,0,0,4,2,0,0,0,0,0,0,3,1,2,0,1,0,0,1,7,0,0,1,0,0,3,0,0,0,5,1
651,0,0,0,0,0,0,0,0,1,0,0,0,7,0,0,0,0,0,0,2,0,1,0,0,0,0,0,1,0,0,0,1,0,1,0,0,0,0,0,0,0,0,1,0,0,0,0,0,0,0,1
652,0,0,0,0,1,1,0,0,2,0,1,0,2,0,0,0,0,0,0,0,2,0,0,0,0,0,1,0,0,0,1,1,2,0,1,1,0,0,0,0,0,0,0,0,0,0,0,1,1,1,0
653,0,0,0,1,1,0,0,0,0,0,0,0,4,2,0,0,2,0,0,0,2,0,0,1,0,0,0,0,0,0,0,0,2,0,0,0,0,0,1,0,0,1,0,0,0,0,0,3,0,0,1
654,1,0,2,0,0,0,0,0,1,1,0,0,0,0,0,0,0,0,0,0,2,0,0,0,0,0,0,0,4,0,0,0,1,0,0,1,1,0,0,0,0,0,1,0,0,1,0,1,0,3,0
655,0,0,0,0,0,0,1,2,0,0,0,0,1,0,0,0,2,0,0,1,2,1,0,0,0,0,1,0,0,0,1,0,2,0,0,0,0,0,1,0,0,0,0,1,0,0,0,0,0,2,1
656,0,1,0,0,0,0,0,1,0,1,0,0,1,1,1,0,0,0,0,0,0,0,0,0,0,0,0,0,0,0,0,0,0,0,0,0,0,0,1,0,0,0,0,0,1,0,2,0,0,0,0
657,0,0,0,0,0,0,0,0,0,0,0,1,3,0,0,0,0,0,0,0,0,0,0,0,0,0,0,0,0,0,0,1,1,1,0,0,0,0,0,0,0,0,0,0,0,0,0,0,0,0,1
658,0,0,0,0,0,0,0,0,0,2,2,0,1,1,0,0,1,0,0,0,1,0,1,0,1,0,0,0,2,1,0,0,2,2,2,0,1,0,2,0,0,0,0,0,0,1,0,1,0,1,0
659,0,0,1,0,0,0,0,0,0,0,0,0,0,0,0,0,0,0,0,0,0,0,0,0,0,0,0,0,0,0,0,0,0,0,0,0,0,0,1,0,0,0,0,0,0,0,0,0,0,1,0
660,0,0,0,0,0,0,0,0,0,0,0,0,0,0,0,1,0,0,0,1,0,0,0,1,0,0,0,1,3,0,0,0,1,0,0,0,0,0,0,0,0,0,0,0,0,0,1,0,0,0,0
661,0,0,0,0,0,0,0,0,0,0,0,0,0,0,0,0,0,1,0,0,0,0,0,1,0,0,0,0,0,0,0,0,0,0,0,0,0,2,0,0,0,0,0,0,0,0,0,0,2,0,1
662,0,0,0,0,1,0,0,1,0,0,0,0,2,0,1,1,1,0,0,1,1,1,0,0,0,0,0,1,4,1,0,0,3,0,2,0,0,0,0,0,0,1,0,0,0,0,1,1,0,0,0
663,1,0,0,0,0,0,0,0,0,0,0,0,0,0,0,0,0,0,0,0,0,0,0,0,0,0,0,0,1,1,0,0,0,0,0,0,0,0,0,0,0,0,0,0,0,0,0,0,0,2,0
664,1,0,1,0,0,0,0,0,0,0,0,1,0,0,0,0,0,0,0,0,0,0,0,0,0,0,0,0,1,2,0,1,1,0,0,0,0,0,0,0,0,1,0,0,0,0,1,0,0,0,0
665,0,1,0,0,0,0,3,0,0,0,0,0,0,0,0,0,0,2,0,1,0,0,0,0,0,2,0,0,4,0,1,1,1,0,0,0,1,0,1,0,0,1,0,0,0,1,1,0,2,0,0
666,0,1,0,0,0,0,0,0,0,1,0,0,0,1,0,1,0,0,0,0,0,0,0,1,0,0,1,0,0,1,0,0,2,0,0,0,0,0,0,0,0,0,0,0,1,0,0,0,0,0,0
667,0,0,0,0,1,0,0,0,0,0,0,0,2,0,0,0,0,0,0,0,0,0,0,1,0,0,0,0,0,0,0,1,5,0,0,0,0,0,0,0,0,0,0,2,0,0,1,0,0,0,1
668,0,0,0,0,0,0,0,0,0,0,1,0,0,1,0,0,0,0,0,0,1,0,0,1,0,0,0,0,0,1,0,0,0,0,0,0,0,0,0,0,0,0,0,0,0,0,0,2,0,0,1
669,0,0,0,0,1,0,1,0,1,1,0,0,1,0,0,1,0,0,0,0,1,0,0,0,0,1,1,0,0,1,0,0,0,0,0,0,0,0,0,0,2,0,0,1,0,0,0,0,0,1,1
670,0,0,0,0,0,0,0,0,0,1,0,0,0,0,1,0,2,0,0,0,0,0,1,0,0,0,0,0,2,0,1,0,4,0,0,0,1,0,0,0,1,0,0,0,0,0,1,0,0,0,1
671,0,1,0,0,0,0,0,0,0,0,1,1,2,1,0,0,0,0,0,0,2,0,0,0,0,0,1,2,2,0,0,2,3,1,1,0,0,0,0,1,0,0,1,0,0,1,0,0,0,0,0
672,0,0,3,0,0,0,0,0,0,0,0,0,0,0,0,0,2,0,1,0,0,0,0,0,0,0,0,0,0,0,1,0,2,1,1,2,0,0,0,0,0,0,0,0,0,0,0,0,1,0,1
673,0,0,0,0,0,0,0,0,0,0,0,1,1,0,1,1,0,0,0,0,2,0,1,0,0,0,0,0,3,0,0,0,0,0,0,1,0,0,0,0,0,0,1,0,0,1,0,2,0,2,1
674,0,1,0,1,0,1,0,0,0,0,0,0,0,0,0,1,1,0,0,1,4,0,0,1,1,1,0,0,0,0,0,1,5,0,0,3,0,0,0,5,0,0,0,0,0,0,0,0,0,1,1
675,0,0,0,0,0,0,0,0,0,0,0,0,0,0,0,0,3,1,0,0,0,0,0,0,0,0,0,0,0,0,0,0,1,0,0,0,0,0,0,0,0,0,0,2,0,1,0,0,0,0,1
676,1,0,2,0,0,1,0,0,0,0,0,0,4,0,0,0,1,3,0,0,0,1,0,0,1,0,0,0,0,0,1,0,0,0,0,0,0,0,0,0,0,0,0,0,0,1,0,0,0,0,1
677,0,0,0,0,0,0,0,0,0,0,1,0,2,0,1,0,0,0,0,0,0,0,0,0,0,0,0,0,0,0,0,0,1,0,0,1,0,0,0,1,0,2,0,0,0,0,0,2,0,0,1
678,1,0,0,0,0,0,0,0,1,0,0,0,3,0,0,0,1,2,0,0,4,0,0,0,1,0,0,0,5,0,1,0,0,0,0,2,0,0,0,0,0,1,0,0,2,0,0,0,0,1,1
679,1,0,0,0,1,1,2,1,1,0,0,0,1,0,1,0,3,0,0,0,2,1,0,0,0,0,0,0,0,0,0,1,4,1,1,0,2,1,0,0,0,0,1,0,3,0,0,2,2,0,1
680,0,1,0,0,1,0,0,1,2,4,1,0,9,9,1,1,0,2,1,0,4,1,0,0,3,0,0,3,0,0,0,0,2,0,0,0,0,0,1,2,3,0,1,3,0,0,1,2,1,0,1
681,0,0,0,5,1,0,0,1,0,2,0,2,0,0,1,0,1,1,0,0,3,0,0,0,1,0,1,0,0,0,1,0,0,0,0,0,0,0,1,3,2,0,1,1,0,0,0,0,0,0,1
682,0,0,0,1,0,0,0,0,0,0,0,1,1,0,0,0,0,0,0,0,0,0,0,0,0,0,0,1,2,0,0,0,2,0,0,0,0,0,0,0,1,0,0,0,0,0,0,0,0,0,1
683,0,0,0,0,1,0,0,1,0,0,0,0,1,0,0,0,0,0,0,0,0,0,0,0,0,0,0,0,0,0,0,0,1,0,0,0,0,0,0,0,0,0,0,0,0,0,1,1,0,1,0
684,1,0,2,1,0,0,0,0,0,1,0,0,0,0,0,0,1,0,0,0,0,1,0,2,0,0,0,0,0,0,0,0,1,1,0,1,0,1,0,0,0,0,1,0,0,0,0,0,0,1,1
685,0,0,1,1,0,0,0,0,0,0,0,0,2,0,1,0,0,0,0,0,2,0,0,0,0,2,0,0,3,0,0,0,0,0,3,2,0,0,1,0,1,0,0,0,0,1,0,0,0,0,0
686,0,0,3,0,0,2,0,0,0,1,0,0,0,2,0,1,0,0,1,0,2,0,0,1,1,0,0,1,1,1,0,1,0,0,2,0,0,0,0,0,1,0,2,0,0,2,0,0,0,0,0
687,1,0,2,2,0,0,0,0,0,0,0,1,0,1,0,0,1,0,0,0,1,0,0,0,1,0,0,0,3,1,0,1,1,0,0,0,1,0,0,0,0,1,1,3,1,1,1,0,1,1,0
688,1,0,0,0,0,0,0,0,1,0,0,0,0,0,0,0,2,0,0,0,1,0,0,0,0,1,0,0,2,0,0,0,1,0,0,0,0,0,0,0,0,2,1,0,0,0,0,0,0,0,0
689,1,0,0,0,0,0,0,0,0,0,0,0,1,0,0,0,1,2,0,0,1,0,0,0,0,0,0,0,0,0,0,0,0,1,2,0,0,1,0,0,0,0,0,0,0,0,0,0,0,0,1
690,0,0,3,0,1,0,4,2,4,0,3,0,6,2,3,0,4,0,2,0,5,0,3,0,0,4,0,3,7,1,1,1,2,2,0,4,2,2,3,0,2,0,0,3,0,0,0,1,0,1,0
691,0,0,0,0,1,0,0,2,1,1,1,0,2,1,1,0,0,0,0,0,1,1,0,0,0,0,1,1,0,0,0,0,4,0,0,0,1,0,0,0,0,0,1,0,0,2,0,1,0,2,0
692,0,0,0,0,0,0,0,0,0,0,0,1,0,0,0,0,0,0,0,0,0,0,0,0,0,1,0,0,1,1,0,0,1,0,0,0,0,0,0,0,0,0,0,0,0,0,1,0,0,0,1
693,0,0,0,1,0,0,0,0,0,1,0,0,3,0,0,1,0,1,1,0,1,1,0,1,1,1,0,0,3,0,1,1,0,0,1,0,1,0,2,0,0,0,0,0,0,0,0,1,2,1,1
694,0,0,1,0,0,0,0,0,0,0,0,0,0,0,0,0,1,0,0,0,0,0,0,0,1,0,0,1,3,1,0,0,1,0,0,0,0,1,1,0,0,1,0,1,0,0,0,0,0,1,0
695,1,1,0,1,0,0,2,0,0,0,0,0,0,0,0,0,0,1,0,0,0,0,0,1,0,0,0,0,6,0,0,1,3,0,0,0,0,2,0,0,0,0,0,0,0,0,1,0,0,1,1
696,0,1,0,0,0,0,0,0,0,0,3,0,0,0,0,0,2,0,0,1,2,0,0,0,0,1,0,3,0,0,0,0,0,4,0,2,0,0,0,0,0,0,1,0,0,0,0,0,0,1,0
697,0,0,0,0,1,0,0,0,0,0,0,0,0,0,0,0,0,2,0,0,0,0,0,0,0,0,0,0,5,0,0,0,1,0,0,0,0,1,0,0,0,0,0,1,0,0,0,0,2,0,0
698,1,0,0,1,0,0,0,0,0,0,0,0,4,0,1,0,2,0,0,0,0,0,0,0,0,0,3,1,1,0,0,0,1,0,0,0,0,0,0,0,0,1,0,2,1,0,0,0,0,0,1
699,0,0,1,0,0,0,0,0,0,0,0,0,0,0,0,2,1,0,0,0,2,0,1,1,2,3,0,1,3,0,1,0,0,0,0,1,0,0,0,1,0,0,1,1,0,0,0,1,0,0,0
700,1,1,0,0,0,0,1,1,0,1,0,0,0,0,0,0,0,1,0,0,0,0,1,1,0,0,0,0,0,0,1,1,1,0,0,1,0,0,0,3,1,0,0,0,1,0,1,1,0,1,1
701,0,0,0,0,0,0,0,0,0,0,0,0,1,0,1,0,0,0,1,0,0,0,0,1,0,0,0,0,4,0,0,0,1,0,0,0,0,0,0,0,0,1,0,0,0,0,0,0,0,3,0
702,0,0,0,0,1,0,0,0,1,1,0,1,0,0,0,1,0,1,0,0,0,0,0,0,0,0,0,0,0,0,0,0,3,0,0,0,0,0,1,3,2,0,0,0,0,0,0,0,0,2,0
703,0,0,0,0,0,0,0,0,0,0,0,0,4,0,0,0,1,2,0,0,1,0,0,0,0,0,0,0,4,1,0,0,1,1,0,0,0,0,2,0,0,0,0,0,0,1,0,0,0,1,1
704,1,0,0,0,1,0,0,0,1,0,0,1,2,0,1,0,0,0,1,0,1,0,0,0,2,1,0,2,5,0,1,0,0,1,1,1,0,0,2,0,0,1,1,0,1,1,0,0,4,2,1
705,0,1,0,0,0,2,0,0,0,0,3,0,0,0,0,0,0,0,0,0,1,0,2,0,3,0,1,1,5,0,0,0,1,0,0,0,0,0,1,0,1,0,0,0,0,1,0,0,0,2,0
706,0,0,0,1,0,0,1,0,0,0,0,0,1,0,0,3,2,0,1,4,0,0,0,0,2,0,1,0,0,0,0,0,2,2,0,0,0,0,0,0,1,2,0,0,0,0,0,0,0,1,1
707,0,0,0,0,0,0,0,0,0,0,0,0,0,0,0,0,0,0,0,0,2,0,0,0,0,0,0,0,3,0,1,0,0,0,0,0,1,0,0,0,0,0,1,0,2,0,0,0,0,0,0
708,0,3,0,0,0,1,0,0,0,0,1,3,1,0,0,0,0,0,0,1,0,0,0,0,0,3,0,0,5,0,0,0,0,0,0,0,2,0,0,0,0,0,0,0,0,0,0,0,1,0,0
709,0,0,0,1,0,0,0,0,2,0,1,1,2,1,1,0,1,0,0,0,0,0,0,0,2,1,0,0,4,1,0,0,0,2,0,0,0,0,1,0,0,0,0,0,0,0,0,0,0,2,0
710,0,1,0,0,0,0,1,2,0,1,0,0,3,0,0,0,0,0,0,1,0,0,0,1,0,0,0,0,0,1,0,0,0,0,0,0,0,0,1,0,2,1,0,0,0,0,0,1,0,0,1
711,1,0,0,0,0,0,1,0,1,0,0,0,1,0,3,0,0,0,0,1,0,0,0,0,0,0,0,0,0,1,0,0,2,0,0,0,0,0,1,0,0,0,0,0,0,1,0,1,1,0,0
712,1,0,0,0,0,0,1,0,1,0,2,0,0,0,1,2,0,0,0,0,2,0,0,0,0,0,0,1,0,0,0,3,3,0,0,1,0,0,0,4,0,0,1,1,0,0,0,1,1,2,0
713,0,0,1,0,0,0,0,0,2,0,1,1,0,0,0,0,0,0,0,0,0,0,0,0,0,0,0,0,3,0,0,0,0,0,0,0,0,0,0,0,0,0,0,0,0,0,0,0,0,0,0
714,0,0,0,1,0,0,0,0,0,0,0,1,0,0,0,0,1,1,0,0,0,0,0,0,0,1,0,0,0,0,0,0,0,0,0,0,0,0,0,0,0,0,0,2,0,0,0,0,1,0,1
715,0,0,0,0,0,0,0,0,0,0,0,0,0,0,0,0,0,0,0,0,0,0,0,0,0,0,0,0,0,0,0,0,0,0,0,0,0,0,1,0,0,0,0,0,0,0,0,0,0,0,1
716,0,2,0,0,0,0,2,0,1,0,0,0,0,0,0,2,0,0,1,0,1,0,0,0,0,0,1,0,1,0,0,0,2,1,0,0,2,0,0,0,0,2,1,0,2,0,0,0,2,4,1
717,1,0,0,0,0,0,0,0,1,0,2,0,1,0,0,0,1,0,0,0,0,1,0,0,0,0,0,0,0,0,1,0,0,0,1,0,0,0,0,0,0,0,0,0,0,1,0,2,1,0,1
718,0,0,0,0,1,0,0,0,0,3,0,1,0,0,0,1,0,0,0,1,0,0,0,0,2,0,0,0,1,1,0,2,2,0,0,1,0,0,0,0,3,1,0,0,0,1,0,0,2,1,0
719,2,0,0,0,0,0,0,0,0,0,0,0,3,0,0,0,4,0,0,0,1,0,3,0,0,0,0,0,0,0,1,0,2,0,2,0,1,0,0,0,0,0,0,0,0,1,0,0,1,1,0
720,0,0,0,0,0,0,0,0,0,0,0,1,2,1,0,0,0,0,0,4,2,0,0,0,0,0,5,0,2,1,0,0,2,0,0,0,0,0,1,0,0,0,1,0,0,1,1,0,0,0,1
721,0,1,0,1,0,0,0,0,0,0,0,0,0,0,0,1,0,0,0,0,0,0,0,0,0,0,0,0,0,0,0,1,0,0,0,0,0,0,0,0,0,0,0,0,1,0,0,0,0,0,1
722,0,0,0,0,0,0,0,0,0,0,0,0,0,0,0,0,0,0,0,0,0,0,0,0,0,0,0,0,1,1,0,0,0,0,0,0,0,1,0,0,0,0,0,0,0,1,0,0,0,0,1
723,1,0,0,0,0,0,2,1,1,0,0,0,0,0,1,0,3,3,0,0,1,0,0,0,0,1,0,0,2,0,0,0,1,0,0,4,0,0,0,0,1,1,0,2,0,0,0,0,0,0,0
724,0,0,0,0,1,1,2,0,1,0,2,0,2,0,0,0,1,0,1,0,0,1,2,0,0,0,1,2,1,0,2,0,1,0,0,0,0,0,3,0,1,0,1,0,0,0,0,0,0,0,0
725,0,0,0,0,0,0,0,1,1,0,0,0,1,0,0,0,0,0,0,0,1,0,0,0,0,0,1,0,1,0,0,0,2,0,0,0,0,0,1,0,0,3,0,0,0,0,0,0,1,1,1
726,1,0,1,0,0,0,0,0,0,0,0,0,3,1,0,1,0,0,0,0,2,0,0,0,0,0,0,0,0,0,0,0,2,1,0,0,0,0,0,0,0,0,0,0,0,1,0,0,0,0,0
727,0,0,0,0,0,0,0,0,0,0,1,0,0,2,0,0,1,1,0,0,1,1,0,1,1,0,0,0,3,1,0,0,0,0,0,0,0,0,0,0,0,0,0,1,0,0,1,0,2,0,1
728,0,0,0,0,0,0,0,0,0,0,1,0,1,0,0,1,0,0,0,0,2,0,1,0,0,0,0,0,0,0,0,0,4,0,1,0,0,0,0,0,0,0,0,0,0,0,0,0,0,0,0
729,0,0,0,0,0,0,0,0,0,0,1,1,0,0,0,0,0,0,0,0,1,0,0,0,0,0,0,2,0,0,0,1,0,0,0,1,0,0,0,0,0,0,0,0,0,0,0,0,0,4,0
730,0,0,0,0,0,0,2,1,0,0,1,0,1,2,0,0,0,0,0,0,0,4,0,0,0,1,1,3,1,0,0,0,0,2,0,0,0,0,0,0,0,0,0,0,0,0,0,0,1,0,0
731,0,0,0,0,0,0,0,0,0,0,0,0,0,0,0,1,0,0,0,0,0,0,1,0,0,0,1,0,3,0,0,0,0,0,0,0,1,0,1,0,0,2,0,0,0,0,0,0,0,0,1
732,0,0,0,0,0,0,0,0,0,0,0,1,0,0,0,1,0,1,0,0,0,0,0,0,0,0,0,0,1,0,0,0,0,0,0,0,0,0,0,0,0,1,0,0,0,1,0,0,0,0,1
733,1,0,0,0,0,0,0,0,0,0,0,0,0,0,0,0,0,0,0,0,0,0,0,0,0,0,0,0,0,0,0,0,0,0,0,0,0,0,0,0,0,0,0,0,0,0,0,0,1,0,0
734,0,0,0,1,0,0,0,0,0,0,1,1,1,1,0,2,0,2,0,1,0,0,1,1,0,0,0,0,0,0,1,1,1,0,0,1,0,0,1,0,0,1,0,1,1,1,0,0,1,0,1
735,0,2,1,0,0,0,0,0,0,2,0,0,0,0,0,0,0,0,0,0,1,0,0,0,0,0,1,0,1,0,0,1,1,1,0,0,0,0,1,0,0,0,0,0,0,0,0,1,0,1,0
736,0,0,1,0,0,0,0,0,0,0,0,0,1,0,0,0,0,1,1,0,3,0,1,0,1,0,0,0,1,0,0,0,0,0,0,2,0,0,0,1,0,0,0,1,1,1,0,0,1,1,0
737,0,0,0,0,0,0,0,0,0,0,0,0,0,0,1,0,0,0,0,0,0,0,0,1,0,0,0,0,1,1,0,0,0,0,0,0,0,0,0,0,0,0,0,0,0,0,0,0,0,0,1
738,0,0,0,0,0,0,0,0,0,0,0,0,0,0,0,1,0,0,0,0,3,0,0,0,0,0,0,0,4,1,1,0,1,0,0,0,1,0,0,0,0,1,0,0,1,0,0,1,0,0,0
739,0,0,0,0,0,0,0,0,0,0,0,0,0,0,0,0,0,0,0,0,0,0,0,0,0,0,0,0,0,0,0,0,0,0,0,2,0,0,0,0,0,0,0,0,0,1,0,1,0,1,1
740,0,0,0,0,2,0,0,1,0,2,0,0,0,0,0,0,0,0,0,0,1,0,1,0,0,0,0,0,8,0,0,0,0,0,0,3,0,1,0,0,0,0,1,1,2,0,2,1,0,1,1
741,0,0,1,1,1,0,1,0,8,0,1,0,11,0,1,1,3,1,0,0,2,1,0,0,3,1,0,1,4,2,2,0,2,0,0,5,0,0,1,0,0,1,0,0,1,0,1,1,0,1,0
742,2,0,0,0,0,0,0,0,0,1,0,0,0,0,1,0,0,1,0,0,0,2,0,2,0,0,0,0,4,0,0,1,0,0,0,2,0,0,0,0,1,0,0,1,0,1,0,0,0,1,1
743,2,0,0,0,0,0,0,0,1,1,0,0,0,0,0,0,1,0,0,1,0,0,1,1,0,1,0,0,7,0,0,0,3,0,0,0,0,0,1,1,0,3,1,0,0,1,0,0,0,0,1
744,0,0,2,0,2,0,1,0,0,0,0,0,0,0,0,0,0,0,0,0,0,0,0,0,2,0,0,0,1,0,1,0,2,0,0,0,0,0,0,0,1,0,0,0,0,0,0,0,0,0,0
745,0,1,0,0,0,0,0,1,0,0,0,0,0,0,1,0,0,0,1,0,1,0,1,0,1,0,0,0,4,0,0,0,1,1,0,0,0,0,0,0,0,1,0,1,0,0,0,0,0,2,0
746,0,0,4,0,0,2,0,1,0,1,1,0,0,0,1,0,2,0,1,0,4,1,0,0,1,1,0,0,2,4,0,1,1,2,0,2,0,0,0,0,0,0,2,1,0,0,0,2,1,1,0
747,0,0,1,0,0,0,1,0,0,0,0,1,0,0,1,0,1,1,0,0,1,0,0,0,0,0,0,0,0,0,0,0,1,0,1,2,0,0,1,0,0,0,0,0,0,0,0,0,1,0,0
748,1,2,0,0,0,0,0,1,1,3,0,0,3,1,0,1,1,0,2,0,1,0,0,0,0,2,2,2,0,0,3,0,1,2,1,0,2,1,0,0,2,0,3,2,0,0,1,0,0,2,0
749,0,0,1,0,0,0,0,0,1,0,0,0,1,0,0,0,0,0,0,0,1,0,1,0,0,0,0,0,2,0,0,0,0,0,0,0,0,0,0,0,0,0,2,0,0,0,1,0,0,1,0
750,0,1,0,1,0,0,0,0,0,0,0,0,5,0,0,0,3,0,0,0,0,0,0,0,0,0,0,0,3,0,1,0,2,0,1,1,0,1,0,0,0,0,0,1,0,0,0,1,1,2,0
751,0,0,0,1,0,0,1,1,1,0,0,0,6,0,0,0,1,0,0,0,0,0,0,0,0,1,0,0,0,0,0,1,3,0,0,0,0,0,0,0,0,0,0,1,0,1,1,0,1,0,1
752,0,0,0,0,0,0,8,3,1,1,0,0,4,1,0,1,1,0,1,1,2,0,0,1,0,1,0,1,1,2,2,0,5,1,0,1,0,3,0,1,0,0,0,1,0,1,0,1,1,2,0
753,1,0,0,0,1,0,1,3,0,0,0,0,3,0,0,1,3,0,0,0,0,0,0,1,0,0,0,0,0,0,0,0,1,1,2,0,0,0,0,0,0,0,0,1,0,1,0,0,0,0,1
754,0,0,0,0,0,0,0,0,0,0,0,0,0,0,0,0,0,0,0,0,0,0,0,0,0,0,0,0,3,0,0,1,0,0,0,1,1,0,0,0,0,0,0,0,0,0,1,1,1,0,0
755,0,0,0,0,0,0,1,0,0,0,0,0,0,0,0,0,0,0,0,1,1,0,0,0,0,0,0,0,0,0,0,0,2,0,0,1,0,0,1,0,0,1,0,0,0,0,0,0,0,0,0
756,0,0,0,2,0,1,0,2,0,0,0,0,0,0,0,0,1,0,0,2,0,0,0,0,0,0,0,2,1,0,0,0,0,2,0,0,0,0,1,0,0,0,0,0,2,0,0,1,0,0,0
757,1,0,0,0,1,0,0,0,0,0,0,0,0,0,0,1,0,0,0,0,0,0,0,0,0,0,0,0,0,0,0,1,0,0,0,0,0,0,0,0,0,0,0,0,0,0,1,2,0,0,0
758,0,0,0,0,0,0,3,0,0,0,0,0,2,0,0,0,0,0,0,0,0,0,0,0,0,0,0,0,1,0,0,1,0,0,0,0,0,0,0,0,1,0,0,0,0,0,1,0,0,0,1
759,0,0,0,0,0,0,0,0,3,0,0,0,0,0,0,3,1,0,0,3,2,0,1,0,0,0,0,0,0,0,0,0,1,0,0,0,0,0,0,0,0,2,0,0,0,0,0,0,0,0,1
760,0,0,0,0,1,0,0,1,0,0,0,0,0,0,2,1,1,0,2,0,1,0,0,0,0,0,0,0,1,0,0,0,1,0,0,1,1,0,0,0,1,0,0,1,0,0,1,0,0,1,0
761,0,0,0,2,0,0,1,0,0,0,0,0,1,1,0,0,0,0,0,0,0,1,0,0,0,1,0,0,0,0,0,0,0,0,0,0,0,0,0,0,0,0,0,0,1,0,0,0,1,0,1
762,0,0,0,1,0,0,0,0,0,0,0,0,0,0,0,0,0,1,0,1,0,0,0,0,0,0,0,0,1,0,0,0,0,0,0,0,0,0,0,0,0,0,0,1,0,0,0,0,0,0,1
763,0,0,0,0,0,0,0,0,2,0,0,1,0,1,0,1,0,1,0,0,0,1,1,0,0,0,0,0,0,0,0,0,1,0,1,0,0,1,1,0,0,1,0,1,0,0,0,0,0,1,1
764,0,1,0,0,0,0,1,0,0,0,0,0,1,0,0,0,0,1,0,0,1,0,0,0,0,0,0,0,0,0,0,1,0,0,0,0,0,0,2,0,0,1,0,0,0,0,1,0,1,1,1
765,0,0,0,0,0,0,0,0,0,0,0,0,0,0,1,2,0,0,0,0,0,0,0,0,0,0,0,0,0,0,0,0,1,0,0,0,0,1,0,0,0,7,0,0,1,0,0,1,3,0,1
766,0,0,0,0,0,0,0,0,0,0,0,0,0,0,0,0,0,0,0,0,0,0,0,0,0,0,0,0,0,0,1,1,1,0,0,0,0,0,0,0,0,0,0,0,0,0,0,0,0,0,0
767,0,0,0,0,0,0,1,0,0,0,0,0,0,0,0,1,0,0,0,1,1,0,0,0,0,0,0,0,0,0,0,0,1,0,1,0,0,0,0,0,0,0,0,0,0,0,0,1,0,0,0
768,1,3,3,1,0,1,0,0,1,1,1,1,3,0,1,0,0,0,0,0,5,0,0,1,2,0,4,1,2,1,3,0,7,2,2,0,2,0,4,1,0,1,2,2,3,0,1,3,2,2,0
769,0,0,0,0,0,0,0,0,0,0,0,0,0,0,0,0,0,0,0,0,1,0,0,0,1,0,0,0,5,4,0,1,0,2,0,0,1,0,0,0,0,0,1,0,0,2,1,1,0,1,1
770,0,2,1,0,0,0,0,0,1,0,1,1,5,0,1,1,1,0,0,0,0,0,0,1,0,0,0,0,4,0,2,2,2,0,1,0,0,0,1,0,2,1,0,0,0,1,1,0,0,0,0
771,0,0,1,0,0,0,0,0,0,0,0,0,2,1,0,1,1,0,0,1,1,0,2,0,0,1,0,0,0,0,1,0,1,0,0,0,0,1,0,0,0,2,0,0,0,0,0,0,0,0,0
772,1,0,0,0,1,1,0,0,1,0,0,0,1,0,0,0,0,0,1,0,0,0,1,0,1,0,0,0,6,2,0,0,1,0,0,0,1,1,1,0,0,2,0,0,0,1,0,0,0,1,0
773,0,1,0,0,0,0,0,0,0,0,0,1,3,1,1,1,0,0,0,0,3,0,1,1,1,0,0,0,0,0,0,0,2,0,0,1,1,0,0,0,0,1,0,0,1,0,0,0,1,0,0
774,0,4,0,0,1,0,0,1,0,0,3,0,11,7,2,0,2,0,0,0,3,0,1,0,0,3,0,3,0,0,2,0,2,0,2,1,0,0,2,0,1,2,0,0,1,0,0,0,8,3,1
775,0,0,0,0,0,0,0,0,1,0,1,0,2,0,0,0,0,0,0,0,1,0,0,1,0,0,0,0,0,0,0,0,2,0,0,1,0,0,1,0,1,0,1,0,0,0,1,0,0,1,0
776,0,0,0,0,0,0,1,0,0,0,0,0,4,0,1,0,1,2,0,0,2,0,0,0,0,0,0,0,0,0,0,1,0,0,0,0,0,0,1,0,0,1,0,0,0,0,0,0,0,0,1
777,0,0,0,0,0,0,0,0,0,0,0,0,2,0,0,0,0,1,0,0,2,1,0,0,0,0,1,0,1,0,0,0,0,0,0,2,0,0,0,0,0,0,1,0,1,0,0,2,1,0,1
778,0,1,0,0,2,0,0,0,0,0,3,1,0,0,0,1,0,0,0,0,3,0,0,0,0,0,0,0,0,0,0,0,1,0,0,1,0,0,1,4,0,0,0,0,0,0,0,0,0,3,1
779,0,1,0,0,1,0,0,0,0,0,0,0,0,0,0,0,2,1,0,0,1,0,1,0,1,0,0,0,1,0,1,0,1,0,0,0,1,0,0,0,0,0,0,0,0,1,2,0,0,0,1
780,0,0,0,0,1,0,0,1,1,0,0,0,3,0,0,1,0,0,0,0,1,0,0,0,0,0,0,0,1,0,0,0,0,0,0,0,0,0,0,0,0,0,0,0,2,0,0,0,2,0,1
781,0,0,0,0,0,0,0,0,0,0,0,0,1,0,0,0,0,1,0,1,0,1,0,3,0,0,0,0,0,0,0,0,2,1,0,0,0,0,1,0,0,1,0,0,0,1,0,0,0,0,1
782,0,0,0,0,0,0,0,0,0,0,1,1,1,0,0,1,0,0,1,0,0,1,0,0,0,0,2,0,1,0,0,1,1,0,0,0,0,0,0,0,0,0,0,1,0,0,0,0,1,1,0
783,0,0,0,0,1,0,0,0,0,0,2,0,2,1,0,0,0,0,0,0,1,0,1,0,0,0,0,0,0,0,0,0,0,0,0,0,0,0,0,0,1,0,0,0,0,0,0,0,0,3,0
784,0,0,0,0,0,0,0,0,0,0,0,0,0,1,0,0,0,0,0,0,0,0,0,0,0,0,0,0,0,1,0,1,0,0,0,0,0,0,0,0,0,0,0,0,0,0,0,0,1,0,1
785,1,0,0,1,0,1,2,0,3,1,2,0,0,0,2,1,0,0,1,1,2,0,0,1,0,0,0,0,0,0,0,0,1,0,0,0,1,1,0,2,4,1,0,1,0,0,0,0,2,1,0
786,0,1,0,0,0,0,0,0,0,0,2,0,0,0,0,0,0,1,0,0,2,0,0,1,0,1,0,0,1,0,1,0,0,1,0,1,1,0,0,0,0,0,0,0,0,1,0,1,0,0,1
787,0,0,1,1,0,1,0,0,0,0,0,0,3,0,0,1,1,0,0,0,0,0,0,0,0,1,0,0,2,0,2,0,1,0,3,2,0,0,1,0,0,0,0,0,0,0,0,0,1,3,0
788,1,0,0,0,1,0,0,0,0,0,0,0,5,0,0,0,0,0,0,0,1,0,0,0,0,2,0,0,1,0,0,0,1,0,0,0,0,0,0,0,0,0,0,1,1,1,0,0,1,0,0
789,0,2,0,0,0,1,0,0,0,0,0,0,0,0,0,1,1,0,0,0,1,0,0,0,0,0,0,2,0,0,0,0,0,1,3,1,1,0,0,0,0,3,0,0,0,1,0,0,0,0,0
790,0,0,0,2,0,0,1,0,0,0,1,1,0,0,0,0,0,1,0,0,0,0,0,1,0,0,0,0,2,0,0,0,1,0,0,1,1,0,0,0,0,2,0,0,0,0,0,0,0,0,1
791,0,0,0,0,0,0,0,0,0,2,0,0,2,0,1,0,1,0,0,0,0,0,0,0,0,0,1,0,0,0,0,0,2,0,0,0,0,0,0,1,0,1,1,0,0,0,0,1,1,0,1
792,0,0,2,0,0,1,0,0,0,1,0,0,0,0,0,1,0,0,1,0,1,0,0,0,1,0,0,0,2,2,1,0,4,1,0,1,1,0,0,0,0,0,1,0,0,0,1,0,0,2,0
793,0,0,0,0,0,0,0,0,0,1,1,0,1,0,0,0,0,0,0,0,1,0,0,0,0,0,0,0,0,0,0,1,0,1,0,2,0,0,0,0,0,0,1,0,0,0,0,0,0,0,0
794,0,0,1,0,0,0,0,0,2,0,0,0,0,0,0,0,0,0,0,0,4,0,1,0,0,0,0,0,1,0,0,0,0,1,0,0,1,0,0,0,0,0,0,0,0,0,0,0,1,0,0
795,0,0,0,0,0,0,0,0,0,0,0,0,0,0,0,0,1,0,0,0,2,1,0,0,0,0,0,0,0,0,0,0,0,1,0,2,0,2,0,0,1,0,0,0,0,1,0,0,1,0,1
796,0,0,0,1,0,0,0,0,0,1,0,0,0,0,0,1,0,1,0,1,0,0,0,0,0,0,0,0,2,1,1,0,0,0,1,0,0,1,1,0,0,0,0,0,0,0,0,0,0,0,0
797,0,0,1,0,0,3,1,0,0,0,2,0,0,0,0,1,1,0,0,0,0,0,0,0,0,0,1,0,7,2,1,0,6,0,3,0,0,4,3,3,0,0,1,0,1,0,1,0,0,0,0
798,0,0,0,0,0,0,2,0,1,1,0,1,0,0,0,0,0,1,0,0,0,1,0,0,0,0,0,0,3,0,2,1,0,0,0,2,0,0,0,0,0,1,0,0,0,0,0,0,0,1,0
799,0,0,0,0,1,0,0,0,1,1,0,1,2,0,2,1,1,0,0,0,0,0,0,0,0,1,0,0,3,1,0,0,0,0,0,0,0,0,0,0,1,0,1,1,0,1,0,0,0,3,0
